"id","labels"
0,0
1,0
2,0
3,0
4,0
5,0
6,0
7,0
8,0
9,0
10,0
11,0
12,0
13,0
14,0
15,0
16,0
17,0
18,0
19,0
20,0
21,1
22,0
23,0
24,1
25,0
26,0
27,0
28,0
29,0
30,0
31,0
32,0
33,0
34,0
35,0
36,0
37,1
38,0
39,0
40,0
41,1
42,0
43,0
44,0
45,1
46,0
47,0
48,0
49,0
50,1
51,0
52,1
53,0
54,0
55,0
56,0
57,1
58,0
59,0
60,0
61,1
62,0
63,1
64,1
65,0
66,1
67,1
68,0
69,0
70,0
71,0
72,0
73,0
74,1
75,0
76,0
77,0
78,0
79,0
80,0
81,0
82,0
83,1
84,0
85,1
86,0
87,0
88,0
89,0
90,1
91,1
92,0
93,0
94,0
95,0
96,0
97,1
98,1
99,1
100,0
101,0
102,0
103,1
104,0
105,0
106,0
107,1
108,1
109,1
110,1
111,0
112,0
113,0
114,1
115,0
116,0
117,0
118,1
119,1
120,0
121,0
122,0
123,0
124,0
125,0
126,1
127,0
128,0
129,0
130,1
131,0
132,0
133,1
134,1
135,0
136,0
137,1
138,0
139,1
140,1
141,1
142,0
143,1
144,0
145,0
146,0
147,1
148,1
149,1
150,0
151,0
152,0
153,0
154,1
155,0
156,0
157,0
158,1
159,1
160,0
161,0
162,1
163,0
164,0
165,1
166,0
167,0
168,0
169,0
170,0
171,1
172,0
173,0
174,1
175,1
176,0
177,1
178,0
179,0
180,0
181,0
182,0
183,0
184,0
185,0
186,1
187,1
188,0
189,0
190,1
191,0
192,1
193,0
194,1
195,0
196,1
197,0
198,0
199,0
200,0
201,0
202,1
203,1
204,0
205,0
206,0
207,1
208,0
209,0
210,0
211,0
212,1
213,1
214,1
215,1
216,0
217,0
218,0
219,1
220,0
221,0
222,0
223,0
224,0
225,0
226,0
227,1
228,1
229,0
230,0
231,0
232,0
233,0
234,1
235,0
236,1
237,1
238,0
239,0
240,0
241,1
242,1
243,0
244,0
245,0
246,0
247,0
248,1
249,0
250,1
251,1
252,0
253,0
254,0
255,0
256,1
257,0
258,0
259,1
260,1
261,0
262,1
263,1
264,0
265,1
266,0
267,1
268,0
269,0
270,1
271,0
272,0
273,0
274,1
275,1
276,0
277,0
278,0
279,0
280,0
281,1
282,0
283,1
284,0
285,0
286,0
287,0
288,0
289,1
290,1
291,0
292,1
293,1
294,1
295,1
296,1
297,1
298,1
299,1
300,1
301,1
302,1
303,1
304,0
305,1
306,1
307,0
308,1
309,1
310,1
311,1
312,1
313,1
314,1
315,1
316,1
317,1
318,1
319,1
320,1
321,1
322,1
323,1
324,1
325,1
326,1
327,1
328,1
329,1
330,1
331,0
332,1
333,1
334,1
335,0
336,0
337,0
338,1
339,0
340,0
341,0
342,0
343,1
344,1
345,0
346,1
347,1
348,1
349,0
350,1
351,1
352,1
353,1
354,0
355,0
356,0
357,1
358,1
359,1
360,1
361,1
362,1
363,1
364,0
365,0
366,1
367,0
368,1
369,1
370,0
371,1
372,0
373,0
374,1
375,1
376,1
377,1
378,1
379,0
380,1
381,0
382,1
383,1
384,1
385,1
386,1
387,1
388,1
389,1
390,1
391,0
392,1
393,0
394,0
395,0
396,0
397,1
398,1
399,1
400,0
401,1
402,0
403,0
404,0
405,1
406,0
407,1
408,0
409,1
410,1
411,1
412,1
413,0
414,1
415,0
416,0
417,0
418,0
419,0
420,0
421,0
422,0
423,0
424,0
425,1
426,0
427,0
428,0
429,0
430,0
431,0
432,0
433,0
434,0
435,1
436,1
437,1
438,0
439,0
440,0
441,0
442,0
443,0
444,1
445,0
446,1
447,0
448,1
449,1
450,1
451,0
452,1
453,1
454,1
455,1
456,1
457,0
458,0
459,1
460,1
461,1
462,1
463,0
464,1
465,1
466,1
467,1
468,1
469,1
470,1
471,1
472,0
473,1
474,1
475,0
476,1
477,0
478,1
479,1
480,1
481,1
482,1
483,1
484,1
485,1
486,1
487,1
488,1
489,1
490,1
491,1
492,1
493,1
494,1
495,1
496,0
497,1
498,1
499,0
500,1
501,1
502,1
503,0
504,1
505,1
506,0
507,0
508,1
509,1
510,1
511,1
512,1
513,1
514,0
515,1
516,1
517,1
518,1
519,0
520,1
521,0
522,1
523,1
524,1
525,1
526,1
527,1
528,1
529,1
530,1
531,1
532,1
533,1
534,1
535,1
536,1
537,1
538,0
539,1
540,1
541,1
542,1
543,1
544,1
545,0
546,1
547,0
548,1
549,1
550,0
551,1
552,0
553,1
554,1
555,1
556,1
557,0
558,0
559,1
560,1
561,1
562,1
563,1
564,0
565,1
566,1
567,1
568,1
569,1
570,0
571,1
572,1
573,0
574,1
575,1
576,1
577,1
578,1
579,1
580,1
581,0
582,0
583,1
584,1
585,1
586,1
587,1
588,1
589,1
590,1
591,0
592,0
593,1
594,1
595,1
596,1
597,1
598,1
599,1
600,1
601,0
602,1
603,0
604,1
605,1
606,1
607,1
608,1
609,1
610,0
611,0
612,0
613,1
614,0
615,1
616,1
617,1
618,1
619,1
620,1
621,0
622,1
623,1
624,1
625,0
626,1
627,0
628,0
629,1
630,0
631,1
632,0
633,0
634,0
635,1
636,0
637,0
638,1
639,1
640,0
641,1
642,1
643,1
644,1
645,1
646,1
647,0
648,0
649,1
650,1
651,0
652,0
653,0
654,0
655,0
656,1
657,1
658,1
659,1
660,1
661,1
662,1
663,1
664,0
665,1
666,1
667,1
668,1
669,0
670,0
671,0
672,0
673,1
674,1
675,1
676,1
677,1
678,1
679,0
680,0
681,1
682,0
683,1
684,1
685,1
686,1
687,1
688,1
689,1
690,1
691,1
692,0
693,0
694,1
695,1
696,1
697,0
698,1
699,1
700,1
701,1
702,1
703,0
704,1
705,0
706,0
707,1
708,0
709,0
710,1
711,1
712,1
713,1
714,1
715,0
716,0
717,0
718,0
719,0
720,0
721,0
722,0
723,0
724,0
725,0
726,0
727,0
728,0
729,0
730,0
731,0
732,0
733,1
734,0
735,0
736,0
737,0
738,0
739,0
740,0
741,0
742,1
743,0
744,0
745,0
746,0
747,0
748,0
749,0
750,0
751,1
752,0
753,0
754,0
755,0
756,1
757,0
758,0
759,0
760,0
761,0
762,0
763,0
764,0
765,1
766,0
767,0
768,0
769,0
770,0
771,1
772,0
773,1
774,0
775,0
776,0
777,0
778,0
779,0
780,0
781,0
782,1
783,0
784,0
785,0
786,1
787,0
788,0
789,0
790,0
791,0
792,0
793,0
794,0
795,0
796,0
797,0
798,0
799,0
800,0
801,0
802,0
803,0
804,0
805,0
806,0
807,0
808,0
809,0
810,0
811,0
812,0
813,0
814,0
815,0
816,0
817,0
818,0
819,0
820,0
821,0
822,0
823,1
824,0
825,0
826,1
827,0
828,0
829,0
830,0
831,0
832,0
833,0
834,0
835,0
836,1
837,0
838,0
839,0
840,1
841,1
842,1
843,0
844,0
845,0
846,0
847,0
848,0
849,1
850,1
851,1
852,1
853,0
854,0
855,0
856,0
857,0
858,0
859,0
860,0
861,0
862,0
863,0
864,1
865,0
866,0
867,0
868,0
869,0
870,0
871,0
872,0
873,0
874,1
875,0
876,0
877,1
878,0
879,0
880,1
881,0
882,0
883,1
884,0
885,1
886,0
887,0
888,0
889,0
890,0
891,0
892,1
893,0
894,0
895,0
896,1
897,0
898,0
899,0
900,0
901,0
902,0
903,1
904,1
905,0
906,0
907,0
908,1
909,0
910,0
911,0
912,1
913,1
914,0
915,0
916,1
917,1
918,0
919,0
920,0
921,0
922,1
923,0
924,1
925,1
926,0
927,0
928,0
929,0
930,1
931,1
932,0
933,1
934,0
935,1
936,0
937,1
938,1
939,0
940,1
941,1
942,0
943,0
944,0
945,0
946,0
947,1
948,0
949,0
950,0
951,0
952,0
953,0
954,0
955,0
956,1
957,0
958,0
959,0
960,0
961,0
962,0
963,1
964,1
965,0
966,0
967,0
968,1
969,0
970,0
971,0
972,0
973,0
974,0
975,0
976,0
977,0
978,0
979,0
980,0
981,0
982,0
983,1
984,0
985,0
986,1
987,0
988,1
989,0
990,0
991,0
992,0
993,0
994,0
995,1
996,0
997,0
998,0
999,0
1000,0
1001,0
1002,0
1003,0
1004,0
1005,0
1006,1
1007,0
1008,0
1009,0
1010,1
1011,0
1012,0
1013,0
1014,0
1015,0
1016,0
1017,0
1018,0
1019,1
1020,0
1021,0
1022,0
1023,0
1024,1
1025,0
1026,0
1027,0
1028,0
1029,0
1030,0
1031,0
1032,0
1033,0
1034,1
1035,0
1036,1
1037,0
1038,0
1039,0
1040,0
1041,0
1042,1
1043,0
1044,0
1045,0
1046,0
1047,0
1048,1
1049,1
1050,0
1051,0
1052,0
1053,0
1054,0
1055,0
1056,1
1057,0
1058,0
1059,0
1060,0
1061,0
1062,0
1063,0
1064,0
1065,0
1066,0
1067,1
1068,0
1069,0
1070,1
1071,0
1072,0
1073,0
1074,0
1075,0
1076,0
1077,0
1078,0
1079,0
1080,0
1081,0
1082,0
1083,0
1084,0
1085,1
1086,0
1087,0
1088,0
1089,1
1090,1
1091,1
1092,0
1093,0
1094,1
1095,0
1096,0
1097,0
1098,0
1099,0
1100,0
1101,0
1102,0
1103,0
1104,0
1105,1
1106,0
1107,0
1108,1
1109,0
1110,0
1111,0
1112,1
1113,0
1114,0
1115,0
1116,0
1117,1
1118,0
1119,0
1120,0
1121,1
1122,1
1123,1
1124,1
1125,0
1126,0
1127,0
1128,1
1129,1
1130,0
1131,0
1132,0
1133,0
1134,0
1135,0
1136,0
1137,0
1138,1
1139,0
1140,1
1141,0
1142,0
1143,0
1144,0
1145,0
1146,0
1147,0
1148,0
1149,0
1150,0
1151,0
1152,0
1153,0
1154,0
1155,0
1156,1
1157,1
1158,1
1159,0
1160,0
1161,0
1162,0
1163,0
1164,0
1165,0
1166,0
1167,1
1168,0
1169,0
1170,1
1171,0
1172,1
1173,1
1174,1
1175,0
1176,0
1177,0
1178,0
1179,0
1180,0
1181,0
1182,1
1183,0
1184,0
1185,0
1186,0
1187,1
1188,0
1189,0
1190,0
1191,0
1192,1
1193,1
1194,1
1195,0
1196,0
1197,1
1198,1
1199,0
1200,0
1201,0
1202,0
1203,0
1204,0
1205,0
1206,1
1207,0
1208,1
1209,0
1210,0
1211,0
1212,1
1213,0
1214,1
1215,0
1216,0
1217,0
1218,0
1219,1
1220,0
1221,1
1222,0
1223,1
1224,0
1225,0
1226,1
1227,0
1228,0
1229,1
1230,0
1231,0
1232,0
1233,0
1234,0
1235,0
1236,0
1237,0
1238,0
1239,0
1240,0
1241,0
1242,0
1243,0
1244,0
1245,0
1246,0
1247,0
1248,0
1249,0
1250,0
1251,0
1252,0
1253,0
1254,0
1255,0
1256,0
1257,0
1258,0
1259,0
1260,0
1261,1
1262,0
1263,0
1264,0
1265,0
1266,0
1267,0
1268,0
1269,0
1270,1
1271,0
1272,0
1273,0
1274,0
1275,0
1276,0
1277,0
1278,0
1279,0
1280,1
1281,1
1282,0
1283,0
1284,0
1285,0
1286,0
1287,0
1288,1
1289,0
1290,0
1291,0
1292,0
1293,0
1294,0
1295,0
1296,0
1297,0
1298,1
1299,0
1300,0
1301,0
1302,0
1303,0
1304,0
1305,0
1306,0
1307,0
1308,0
1309,0
1310,0
1311,0
1312,0
1313,0
1314,0
1315,0
1316,1
1317,0
1318,0
1319,0
1320,0
1321,0
1322,0
1323,0
1324,1
1325,0
1326,0
1327,0
1328,0
1329,0
1330,1
1331,0
1332,0
1333,0
1334,0
1335,1
1336,0
1337,1
1338,1
1339,0
1340,0
1341,0
1342,0
1343,0
1344,0
1345,0
1346,0
1347,1
1348,0
1349,0
1350,0
1351,0
1352,0
1353,0
1354,0
1355,0
1356,0
1357,0
1358,0
1359,0
1360,1
1361,0
1362,0
1363,0
1364,0
1365,1
1366,0
1367,0
1368,0
1369,0
1370,0
1371,0
1372,0
1373,0
1374,0
1375,0
1376,0
1377,0
1378,0
1379,0
1380,0
1381,0
1382,0
1383,0
1384,0
1385,0
1386,0
1387,0
1388,1
1389,0
1390,0
1391,0
1392,1
1393,0
1394,0
1395,0
1396,0
1397,0
1398,0
1399,0
1400,0
1401,0
1402,0
1403,0
1404,0
1405,1
1406,0
1407,0
1408,0
1409,0
1410,0
1411,0
1412,0
1413,0
1414,1
1415,1
1416,0
1417,0
1418,1
1419,0
1420,0
1421,0
1422,1
1423,0
1424,1
1425,0
1426,0
1427,0
1428,0
1429,0
1430,1
1431,0
1432,0
1433,1
1434,1
1435,1
1436,0
1437,0
1438,0
1439,0
1440,0
1441,1
1442,0
1443,0
1444,0
1445,0
1446,1
1447,0
1448,0
1449,0
1450,0
1451,0
1452,0
1453,0
1454,0
1455,0
1456,0
1457,1
1458,0
1459,0
1460,0
1461,0
1462,0
1463,0
1464,0
1465,1
1466,0
1467,0
1468,0
1469,1
1470,0
1471,0
1472,0
1473,1
1474,0
1475,1
1476,0
1477,1
1478,1
1479,1
1480,0
1481,1
1482,0
1483,0
1484,0
1485,0
1486,1
1487,1
1488,0
1489,1
1490,0
1491,0
1492,0
1493,1
1494,1
1495,0
1496,0
1497,0
1498,0
1499,0
1500,0
1501,1
1502,0
1503,1
1504,1
1505,0
1506,1
1507,0
1508,1
1509,0
1510,0
1511,0
1512,1
1513,1
1514,0
1515,0
1516,0
1517,0
1518,0
1519,0
1520,0
1521,0
1522,0
1523,0
1524,0
1525,1
1526,0
1527,1
1528,0
1529,0
1530,0
1531,1
1532,1
1533,1
1534,1
1535,0
1536,1
1537,0
1538,0
1539,0
1540,0
1541,1
1542,0
1543,0
1544,0
1545,0
1546,1
1547,1
1548,1
1549,0
1550,0
1551,0
1552,0
1553,1
1554,1
1555,1
1556,1
1557,0
1558,0
1559,1
1560,1
1561,0
1562,1
1563,1
1564,0
1565,1
1566,1
1567,1
1568,1
1569,0
1570,0
1571,1
1572,1
1573,1
1574,1
1575,0
1576,1
1577,0
1578,1
1579,0
1580,0
1581,1
1582,0
1583,0
1584,1
1585,1
1586,1
1587,0
1588,1
1589,1
1590,1
1591,1
1592,1
1593,1
1594,0
1595,1
1596,1
1597,1
1598,0
1599,1
1600,1
1601,0
1602,0
1603,1
1604,0
1605,0
1606,0
1607,1
1608,1
1609,1
1610,0
1611,0
1612,1
1613,0
1614,1
1615,0
1616,0
1617,1
1618,1
1619,1
1620,0
1621,1
1622,1
1623,1
1624,0
1625,1
1626,1
1627,1
1628,1
1629,1
1630,1
1631,1
1632,0
1633,1
1634,1
1635,0
1636,1
1637,1
1638,1
1639,1
1640,0
1641,0
1642,0
1643,1
1644,1
1645,1
1646,1
1647,1
1648,1
1649,0
1650,1
1651,1
1652,1
1653,1
1654,1
1655,0
1656,1
1657,0
1658,0
1659,0
1660,1
1661,0
1662,1
1663,1
1664,1
1665,1
1666,0
1667,1
1668,0
1669,0
1670,1
1671,1
1672,1
1673,1
1674,1
1675,1
1676,1
1677,0
1678,1
1679,0
1680,0
1681,0
1682,1
1683,1
1684,1
1685,1
1686,1
1687,1
1688,0
1689,1
1690,0
1691,0
1692,1
1693,1
1694,0
1695,1
1696,1
1697,0
1698,1
1699,0
1700,1
1701,1
1702,0
1703,1
1704,1
1705,1
1706,1
1707,1
1708,0
1709,1
1710,1
1711,1
1712,1
1713,1
1714,1
1715,1
1716,1
1717,1
1718,1
1719,1
1720,1
1721,1
1722,1
1723,1
1724,0
1725,1
1726,1
1727,1
1728,1
1729,1
1730,0
1731,1
1732,1
1733,0
1734,0
1735,0
1736,1
1737,0
1738,0
1739,0
1740,0
1741,0
1742,1
1743,1
1744,1
1745,0
1746,1
1747,1
1748,1
1749,0
1750,0
1751,0
1752,0
1753,0
1754,1
1755,0
1756,1
1757,0
1758,1
1759,1
1760,1
1761,1
1762,1
1763,0
1764,1
1765,0
1766,1
1767,0
1768,0
1769,1
1770,1
1771,1
1772,1
1773,1
1774,0
1775,1
1776,1
1777,1
1778,0
1779,0
1780,0
1781,0
1782,0
1783,0
1784,1
1785,0
1786,1
1787,1
1788,0
1789,1
1790,1
1791,0
1792,1
1793,0
1794,1
1795,1
1796,1
1797,1
1798,0
1799,1
1800,1
1801,0
1802,1
1803,1
1804,1
1805,1
1806,1
1807,1
1808,1
1809,1
1810,1
1811,1
1812,0
1813,0
1814,1
1815,1
1816,1
1817,0
1818,1
1819,1
1820,1
1821,0
1822,0
1823,1
1824,0
1825,1
1826,1
1827,0
1828,1
1829,1
1830,1
1831,1
1832,1
1833,1
1834,1
1835,0
1836,1
1837,1
1838,1
1839,1
1840,1
1841,1
1842,1
1843,1
1844,1
1845,1
1846,0
1847,1
1848,0
1849,0
1850,1
1851,1
1852,1
1853,1
1854,1
1855,1
1856,1
1857,0
1858,1
1859,1
1860,1
1861,1
1862,1
1863,1
1864,1
1865,1
1866,1
1867,1
1868,1
1869,0
1870,1
1871,1
1872,1
1873,1
1874,0
1875,1
1876,1
1877,1
1878,1
1879,0
1880,0
1881,1
1882,0
1883,1
1884,1
1885,1
1886,0
1887,1
1888,0
1889,0
1890,1
1891,1
1892,1
1893,1
1894,0
1895,0
1896,1
1897,1
1898,1
1899,1
1900,0
1901,1
1902,0
1903,1
1904,1
1905,1
1906,1
1907,0
1908,1
1909,1
1910,1
1911,1
1912,0
1913,1
1914,0
1915,1
1916,0
1917,0
1918,0
1919,0
1920,0
1921,1
1922,0
1923,0
1924,0
1925,1
1926,0
1927,0
1928,0
1929,1
1930,1
1931,1
1932,1
1933,1
1934,1
1935,0
1936,0
1937,1
1938,1
1939,1
1940,1
1941,1
1942,1
1943,1
1944,0
1945,0
1946,0
1947,1
1948,1
1949,1
1950,1
1951,0
1952,1
1953,1
1954,1
1955,0
1956,0
1957,1
1958,1
1959,1
1960,1
1961,1
1962,1
1963,1
1964,1
1965,0
1966,0
1967,1
1968,0
1969,1
1970,1
1971,1
1972,1
1973,1
1974,1
1975,1
1976,0
1977,1
1978,1
1979,0
1980,0
1981,1
1982,1
1983,0
1984,1
1985,0
1986,1
1987,0
1988,1
1989,0
1990,0
1991,1
1992,1
1993,1
1994,1
1995,1
1996,1
1997,1
1998,1
1999,1
2000,0
2001,0
2002,0
2003,1
2004,1
2005,1
2006,0
2007,1
2008,1
2009,1
2010,0
2011,1
2012,1
2013,0
2014,1
2015,1
2016,1
2017,1
2018,0
2019,1
2020,1
2021,1
2022,0
2023,1
2024,0
2025,0
2026,0
2027,1
2028,1
2029,1
2030,0
2031,1
2032,0
2033,1
2034,1
2035,1
2036,1
2037,1
2038,1
2039,0
2040,1
2041,1
2042,1
2043,1
2044,0
2045,1
2046,0
2047,1
2048,1
2049,1
2050,1
2051,1
2052,0
2053,0
2054,1
2055,1
2056,0
2057,0
2058,1
2059,1
2060,1
2061,1
2062,1
2063,1
2064,1
2065,1
2066,1
2067,1
2068,1
2069,1
2070,1
2071,1
2072,1
2073,0
2074,1
2075,1
2076,0
2077,1
2078,1
2079,0
2080,1
2081,1
2082,1
2083,1
2084,0
2085,1
2086,0
2087,1
2088,1
2089,0
2090,0
2091,1
2092,1
2093,1
2094,0
2095,1
2096,0
2097,1
2098,1
2099,1
2100,1
2101,0
2102,1
2103,0
2104,1
2105,1
2106,1
2107,1
2108,0
2109,1
2110,1
2111,1
2112,0
2113,0
2114,0
2115,1
2116,1
2117,1
2118,1
2119,1
2120,1
2121,1
2122,1
2123,0
2124,1
2125,0
2126,1
2127,1
2128,0
2129,1
2130,1
2131,1
2132,0
2133,0
2134,1
2135,1
2136,0
2137,0
2138,0
2139,0
2140,1
2141,1
2142,0
2143,1
2144,1
2145,1
2146,1
2147,0
2148,1
2149,0
2150,1
2151,1
2152,1
2153,1
2154,1
2155,1
2156,1
2157,1
2158,0
2159,1
2160,1
2161,0
2162,1
2163,1
2164,1
2165,1
2166,1
2167,1
2168,1
2169,0
2170,1
2171,1
2172,1
2173,0
2174,1
2175,1
2176,1
2177,1
2178,1
2179,1
2180,1
2181,1
2182,1
2183,0
2184,1
2185,1
2186,1
2187,1
2188,1
2189,1
2190,0
2191,0
2192,0
2193,0
2194,0
2195,0
2196,0
2197,0
2198,0
2199,1
2200,0
2201,1
2202,0
2203,1
2204,0
2205,0
2206,0
2207,0
2208,0
2209,0
2210,0
2211,1
2212,0
2213,1
2214,0
2215,0
2216,0
2217,0
2218,1
2219,0
2220,0
2221,1
2222,0
2223,1
2224,0
2225,0
2226,1
2227,0
2228,0
2229,0
2230,0
2231,0
2232,1
2233,1
2234,0
2235,0
2236,1
2237,0
2238,0
2239,0
2240,0
2241,1
2242,0
2243,0
2244,0
2245,0
2246,0
2247,1
2248,0
2249,0
2250,0
2251,0
2252,0
2253,0
2254,0
2255,0
2256,0
2257,0
2258,0
2259,0
2260,0
2261,1
2262,1
2263,0
2264,1
2265,0
2266,0
2267,1
2268,0
2269,1
2270,0
2271,0
2272,0
2273,0
2274,0
2275,0
2276,0
2277,0
2278,0
2279,0
2280,1
2281,0
2282,0
2283,0
2284,1
2285,0
2286,0
2287,0
2288,0
2289,0
2290,0
2291,1
2292,0
2293,0
2294,0
2295,0
2296,0
2297,0
2298,0
2299,0
2300,0
2301,0
2302,0
2303,0
2304,1
2305,0
2306,0
2307,0
2308,0
2309,0
2310,0
2311,0
2312,0
2313,1
2314,0
2315,0
2316,0
2317,0
2318,0
2319,0
2320,0
2321,0
2322,0
2323,0
2324,0
2325,0
2326,0
2327,0
2328,0
2329,0
2330,0
2331,1
2332,1
2333,1
2334,0
2335,0
2336,0
2337,0
2338,0
2339,0
2340,0
2341,0
2342,0
2343,0
2344,1
2345,1
2346,0
2347,0
2348,0
2349,0
2350,0
2351,1
2352,1
2353,0
2354,0
2355,0
2356,0
2357,0
2358,1
2359,0
2360,0
2361,0
2362,0
2363,1
2364,0
2365,0
2366,0
2367,0
2368,0
2369,0
2370,0
2371,0
2372,0
2373,0
2374,0
2375,0
2376,0
2377,0
2378,1
2379,0
2380,0
2381,0
2382,1
2383,0
2384,0
2385,0
2386,0
2387,0
2388,0
2389,0
2390,0
2391,0
2392,0
2393,0
2394,1
2395,0
2396,1
2397,0
2398,0
2399,0
2400,1
2401,0
2402,0
2403,0
2404,0
2405,0
2406,0
2407,0
2408,0
2409,0
2410,1
2411,1
2412,0
2413,0
2414,1
2415,0
2416,0
2417,0
2418,1
2419,0
2420,0
2421,1
2422,0
2423,0
2424,0
2425,0
2426,0
2427,0
2428,0
2429,0
2430,0
2431,0
2432,0
2433,0
2434,0
2435,1
2436,0
2437,0
2438,1
2439,0
2440,1
2441,0
2442,0
2443,0
2444,0
2445,0
2446,0
2447,1
2448,1
2449,0
2450,1
2451,0
2452,0
2453,0
2454,0
2455,0
2456,0
2457,0
2458,0
2459,0
2460,1
2461,0
2462,0
2463,0
2464,0
2465,0
2466,1
2467,0
2468,0
2469,0
2470,0
2471,0
2472,0
2473,0
2474,0
2475,1
2476,0
2477,0
2478,0
2479,0
2480,1
2481,0
2482,0
2483,0
2484,0
2485,0
2486,0
2487,0
2488,1
2489,0
2490,0
2491,0
2492,1
2493,1
2494,0
2495,0
2496,0
2497,1
2498,0
2499,0
2500,0
2501,0
2502,1
2503,0
2504,0
2505,0
2506,0
2507,0
2508,0
2509,0
2510,0
2511,0
2512,0
2513,0
2514,0
2515,1
2516,0
2517,0
2518,1
2519,0
2520,0
2521,0
2522,0
2523,0
2524,0
2525,1
2526,0
2527,0
2528,0
2529,0
2530,1
2531,0
2532,1
2533,0
2534,1
2535,0
2536,0
2537,1
2538,1
2539,1
2540,0
2541,0
2542,0
2543,0
2544,0
2545,0
2546,0
2547,0
2548,0
2549,0
2550,0
2551,0
2552,0
2553,0
2554,0
2555,1
2556,0
2557,1
2558,0
2559,0
2560,1
2561,1
2562,0
2563,0
2564,0
2565,0
2566,1
2567,1
2568,1
2569,0
2570,1
2571,0
2572,1
2573,0
2574,0
2575,0
2576,0
2577,0
2578,0
2579,0
2580,1
2581,1
2582,0
2583,0
2584,0
2585,0
2586,0
2587,0
2588,0
2589,0
2590,1
2591,0
2592,0
2593,0
2594,0
2595,0
2596,1
2597,0
2598,0
2599,0
2600,0
2601,0
2602,0
2603,0
2604,0
2605,0
2606,0
2607,0
2608,0
2609,0
2610,0
2611,0
2612,0
2613,0
2614,0
2615,0
2616,0
2617,1
2618,1
2619,1
2620,1
2621,1
2622,0
2623,0
2624,1
2625,0
2626,0
2627,0
2628,0
2629,0
2630,0
2631,1
2632,0
2633,0
2634,0
2635,0
2636,0
2637,0
2638,0
2639,1
2640,1
2641,0
2642,0
2643,1
2644,0
2645,0
2646,0
2647,0
2648,0
2649,1
2650,1
2651,0
2652,0
2653,1
2654,1
2655,0
2656,0
2657,0
2658,0
2659,1
2660,0
2661,1
2662,0
2663,0
2664,0
2665,0
2666,0
2667,0
2668,0
2669,1
2670,0
2671,0
2672,0
2673,0
2674,0
2675,0
2676,1
2677,0
2678,0
2679,0
2680,0
2681,1
2682,1
2683,0
2684,0
2685,0
2686,0
2687,0
2688,0
2689,0
2690,1
2691,0
2692,0
2693,1
2694,0
2695,0
2696,1
2697,0
2698,0
2699,0
2700,0
2701,0
2702,0
2703,0
2704,1
2705,0
2706,0
2707,0
2708,0
2709,0
2710,0
2711,0
2712,0
2713,0
2714,0
2715,0
2716,0
2717,0
2718,0
2719,0
2720,1
2721,0
2722,1
2723,1
2724,0
2725,0
2726,0
2727,0
2728,0
2729,1
2730,0
2731,0
2732,0
2733,0
2734,0
2735,0
2736,1
2737,1
2738,0
2739,0
2740,0
2741,1
2742,0
2743,0
2744,0
2745,0
2746,0
2747,0
2748,1
2749,0
2750,1
2751,1
2752,0
2753,1
2754,1
2755,0
2756,0
2757,0
2758,0
2759,0
2760,1
2761,0
2762,0
2763,1
2764,0
2765,0
2766,0
2767,1
2768,0
2769,0
2770,1
2771,0
2772,1
2773,1
2774,0
2775,0
2776,0
2777,0
2778,0
2779,1
2780,1
2781,0
2782,0
2783,1
2784,1
2785,0
2786,1
2787,1
2788,1
2789,0
2790,1
2791,0
2792,0
2793,0
2794,1
2795,0
2796,0
2797,0
2798,1
2799,0
2800,0
2801,1
2802,0
2803,0
2804,0
2805,0
2806,0
2807,0
2808,1
2809,0
2810,0
2811,0
2812,0
2813,0
2814,0
2815,0
2816,0
2817,0
2818,0
2819,0
2820,0
2821,0
2822,0
2823,0
2824,0
2825,0
2826,0
2827,0
2828,1
2829,0
2830,0
2831,0
2832,0
2833,0
2834,0
2835,0
2836,0
2837,0
2838,0
2839,1
2840,1
2841,0
2842,0
2843,1
2844,0
2845,0
2846,0
2847,0
2848,0
2849,1
2850,0
2851,0
2852,0
2853,1
2854,0
2855,0
2856,0
2857,0
2858,1
2859,0
2860,0
2861,1
2862,0
2863,1
2864,0
2865,0
2866,0
2867,1
2868,0
2869,1
2870,0
2871,0
2872,0
2873,0
2874,0
2875,0
2876,0
2877,0
2878,1
2879,1
2880,1
2881,1
2882,1
2883,1
2884,0
2885,1
2886,1
2887,1
2888,0
2889,1
2890,1
2891,0
2892,0
2893,0
2894,0
2895,1
2896,0
2897,0
2898,0
2899,0
2900,0
2901,0
2902,0
2903,0
2904,1
2905,0
2906,0
2907,0
2908,0
2909,0
2910,0
2911,0
2912,0
2913,1
2914,0
2915,0
2916,0
2917,0
2918,1
2919,0
2920,0
2921,0
2922,0
2923,0
2924,0
2925,0
2926,0
2927,0
2928,0
2929,1
2930,0
2931,0
2932,0
2933,0
2934,0
2935,0
2936,0
2937,1
2938,0
2939,1
2940,0
2941,0
2942,0
2943,1
2944,0
2945,0
2946,1
2947,1
2948,0
2949,1
2950,0
2951,0
2952,0
2953,0
2954,1
2955,0
2956,1
2957,0
2958,1
2959,0
2960,0
2961,0
2962,0
2963,0
2964,0
2965,1
2966,0
2967,0
2968,0
2969,0
2970,0
2971,0
2972,0
2973,0
2974,0
2975,0
2976,0
2977,0
2978,0
2979,1
2980,0
2981,0
2982,0
2983,1
2984,1
2985,0
2986,1
2987,0
2988,0
2989,0
2990,1
2991,1
2992,0
2993,0
2994,0
2995,0
2996,0
2997,0
2998,0
2999,1
3000,0
3001,1
3002,1
3003,0
3004,0
3005,0
3006,0
3007,0
3008,0
3009,0
3010,0
3011,0
3012,0
3013,0
3014,0
3015,0
3016,0
3017,0
3018,0
3019,0
3020,0
3021,0
3022,1
3023,0
3024,1
3025,1
3026,1
3027,0
3028,0
3029,0
3030,0
3031,1
3032,1
3033,0
3034,0
3035,0
3036,0
3037,0
3038,0
3039,0
3040,0
3041,0
3042,0
3043,0
3044,0
3045,0
3046,0
3047,1
3048,0
3049,0
3050,0
3051,0
3052,0
3053,0
3054,0
3055,0
3056,0
3057,0
3058,1
3059,0
3060,0
3061,0
3062,0
3063,0
3064,0
3065,0
3066,0
3067,0
3068,0
3069,0
3070,0
3071,0
3072,0
3073,0
3074,0
3075,0
3076,0
3077,0
3078,1
3079,1
3080,1
3081,0
3082,0
3083,1
3084,0
3085,1
3086,0
3087,1
3088,0
3089,0
3090,0
3091,1
3092,1
3093,0
3094,1
3095,1
3096,0
3097,1
3098,0
3099,0
3100,1
3101,0
3102,0
3103,0
3104,0
3105,1
3106,0
3107,0
3108,0
3109,0
3110,0
3111,0
3112,1
3113,0
3114,0
3115,0
3116,0
3117,1
3118,0
3119,0
3120,0
3121,0
3122,0
3123,0
3124,0
3125,0
3126,0
3127,0
3128,0
3129,0
3130,0
3131,1
3132,1
3133,0
3134,0
3135,0
3136,0
3137,0
3138,0
3139,1
3140,0
3141,0
3142,0
3143,1
3144,1
3145,0
3146,0
3147,0
3148,0
3149,1
3150,1
3151,0
3152,0
3153,1
3154,0
3155,0
3156,0
3157,0
3158,1
3159,1
3160,0
3161,0
3162,0
3163,0
3164,0
3165,0
3166,0
3167,0
3168,0
3169,0
3170,0
3171,0
3172,1
3173,0
3174,1
3175,1
3176,0
3177,0
3178,0
3179,0
3180,0
3181,0
3182,0
3183,0
3184,0
3185,0
3186,0
3187,0
3188,0
3189,0
3190,0
3191,0
3192,0
3193,0
3194,0
3195,0
3196,1
3197,1
3198,0
3199,0
3200,0
3201,0
3202,0
3203,0
3204,0
3205,0
3206,0
3207,1
3208,0
3209,1
3210,0
3211,0
3212,0
3213,0
3214,0
3215,0
3216,1
3217,0
3218,0
3219,0
3220,0
3221,0
3222,0
3223,0
3224,0
3225,0
3226,0
3227,0
3228,0
3229,0
3230,0
3231,0
3232,0
3233,0
3234,0
3235,0
3236,0
3237,0
3238,0
3239,0
3240,0
3241,0
3242,0
3243,0
3244,0
3245,0
3246,0
3247,0
3248,0
3249,0
3250,0
3251,0
3252,0
3253,0
3254,0
3255,0
3256,0
3257,0
3258,0
3259,0
3260,0
3261,0
3262,0
3263,0
3264,1
3265,0
3266,0
3267,1
3268,1
3269,0
3270,0
3271,0
3272,0
3273,0
3274,1
3275,0
3276,0
3277,0
3278,0
3279,0
3280,1
3281,0
3282,0
3283,0
3284,0
3285,0
3286,0
3287,0
3288,0
3289,0
3290,0
3291,0
3292,0
3293,0
3294,1
3295,1
3296,0
3297,0
3298,0
3299,0
3300,1
3301,1
3302,0
3303,0
3304,0
3305,0
3306,0
3307,0
3308,0
3309,1
3310,0
3311,0
3312,0
3313,0
3314,1
3315,1
3316,0
3317,0
3318,0
3319,1
3320,0
3321,0
3322,0
3323,0
3324,0
3325,0
3326,0
3327,0
3328,0
3329,0
3330,0
3331,1
3332,0
3333,0
3334,0
3335,0
3336,0
3337,0
3338,0
3339,0
3340,0
3341,0
3342,0
3343,1
3344,0
3345,0
3346,0
3347,0
3348,0
3349,0
3350,0
3351,0
3352,0
3353,0
3354,0
3355,1
3356,1
3357,0
3358,1
3359,0
3360,0
3361,0
3362,0
3363,0
3364,0
3365,0
3366,0
3367,0
3368,0
3369,0
3370,0
3371,1
3372,0
3373,0
3374,0
3375,0
3376,0
3377,0
3378,0
3379,0
3380,0
3381,0
3382,0
3383,0
3384,0
3385,0
3386,1
3387,0
3388,0
3389,1
3390,0
3391,0
3392,0
3393,0
3394,0
3395,0
3396,0
3397,0
3398,0
3399,0
3400,0
3401,0
3402,0
3403,0
3404,1
3405,0
3406,0
3407,0
3408,0
3409,0
3410,0
3411,0
3412,0
3413,0
3414,0
3415,1
3416,0
3417,0
3418,0
3419,0
3420,0
3421,0
3422,1
3423,0
3424,0
3425,1
3426,1
3427,0
3428,0
3429,1
3430,0
3431,1
3432,0
3433,0
3434,0
3435,0
3436,0
3437,0
3438,1
3439,1
3440,0
3441,0
3442,1
3443,0
3444,0
3445,0
3446,0
3447,0
3448,0
3449,0
3450,0
3451,1
3452,0
3453,0
3454,0
3455,0
3456,0
3457,0
3458,0
3459,0
3460,0
3461,0
3462,0
3463,0
3464,1
3465,0
3466,1
3467,0
3468,0
3469,1
3470,0
3471,1
3472,1
3473,0
3474,0
3475,0
3476,1
3477,0
3478,1
3479,0
3480,1
3481,0
3482,0
3483,0
3484,0
3485,0
3486,1
3487,0
3488,0
3489,0
3490,1
3491,1
3492,0
3493,0
3494,0
3495,0
3496,0
3497,0
3498,0
3499,0
3500,0
3501,0
3502,0
3503,0
3504,0
3505,0
3506,0
3507,0
3508,0
3509,0
3510,0
3511,1
3512,0
3513,0
3514,0
3515,0
3516,0
3517,0
3518,1
3519,1
3520,1
3521,0
3522,0
3523,0
3524,0
3525,0
3526,0
3527,0
3528,0
3529,0
3530,0
3531,0
3532,0
3533,1
3534,0
3535,1
3536,0
3537,0
3538,0
3539,0
3540,0
3541,0
3542,0
3543,0
3544,0
3545,1
3546,1
3547,1
3548,0
3549,0
3550,0
3551,0
3552,1
3553,0
3554,1
3555,0
3556,0
3557,0
3558,0
3559,1
3560,0
3561,0
3562,0
3563,0
3564,0
3565,1
3566,0
3567,0
3568,1
3569,0
3570,0
3571,0
3572,0
3573,0
3574,0
3575,0
3576,1
3577,0
3578,0
3579,0
3580,0
3581,0
3582,0
3583,1
3584,1
3585,0
3586,1
3587,0
3588,0
3589,0
3590,0
3591,0
3592,1
3593,0
3594,0
3595,0
3596,0
3597,0
3598,0
3599,0
3600,0
3601,0
3602,0
3603,0
3604,0
3605,0
3606,0
3607,0
3608,1
3609,0
3610,0
3611,0
3612,0
3613,0
3614,0
3615,0
3616,0
3617,0
3618,0
3619,0
3620,1
3621,0
3622,0
3623,0
3624,0
3625,1
3626,0
3627,0
3628,0
3629,0
3630,0
3631,0
3632,1
3633,1
3634,0
3635,1
3636,1
3637,0
3638,0
3639,0
3640,0
3641,0
3642,0
3643,0
3644,0
3645,0
3646,0
3647,0
3648,1
3649,0
3650,1
3651,1
3652,1
3653,0
3654,0
3655,0
3656,1
3657,0
3658,0
3659,0
3660,1
3661,1
3662,0
3663,0
3664,0
3665,0
3666,0
3667,0
3668,0
3669,0
3670,0
3671,1
3672,0
3673,1
3674,1
3675,0
3676,1
3677,1
3678,0
3679,0
3680,0
3681,0
3682,0
3683,0
3684,0
3685,0
3686,1
3687,0
3688,0
3689,1
3690,0
3691,1
3692,1
3693,0
3694,0
3695,0
3696,1
3697,1
3698,0
3699,0
3700,0
3701,0
3702,0
3703,0
3704,0
3705,0
3706,0
3707,0
3708,0
3709,0
3710,1
3711,0
3712,0
3713,0
3714,1
3715,0
3716,1
3717,0
3718,0
3719,0
3720,0
3721,0
3722,0
3723,0
3724,0
3725,0
3726,0
3727,1
3728,0
3729,0
3730,0
3731,1
3732,1
3733,0
3734,0
3735,0
3736,0
3737,1
3738,0
3739,0
3740,1
3741,0
3742,0
3743,0
3744,0
3745,0
3746,0
3747,0
3748,1
3749,0
3750,0
3751,0
3752,1
3753,1
3754,0
3755,0
3756,0
3757,0
3758,0
3759,0
3760,0
3761,0
3762,0
3763,0
3764,0
3765,0
3766,1
3767,0
3768,0
3769,0
3770,1
3771,1
3772,0
3773,0
3774,0
3775,0
3776,1
3777,0
3778,0
3779,0
3780,1
3781,0
3782,0
3783,0
3784,0
3785,1
3786,0
3787,0
3788,1
3789,0
3790,0
3791,0
3792,0
3793,0
3794,0
3795,1
3796,1
3797,0
3798,0
3799,0
3800,0
3801,0
3802,0
3803,0
3804,0
3805,1
3806,1
3807,0
3808,0
3809,0
3810,0
3811,1
3812,0
3813,0
3814,1
3815,1
3816,0
3817,0
3818,0
3819,0
3820,1
3821,1
3822,0
3823,0
3824,0
3825,1
3826,0
3827,0
3828,0
3829,0
3830,1
3831,1
3832,1
3833,1
3834,0
3835,0
3836,0
3837,0
3838,0
3839,1
3840,0
3841,0
3842,1
3843,0
3844,0
3845,1
3846,0
3847,0
3848,1
3849,0
3850,0
3851,1
3852,0
3853,1
3854,0
3855,0
3856,0
3857,0
3858,0
3859,0
3860,0
3861,0
3862,1
3863,0
3864,0
3865,1
3866,0
3867,0
3868,0
3869,0
3870,0
3871,0
3872,0
3873,0
3874,0
3875,1
3876,0
3877,0
3878,0
3879,0
3880,0
3881,0
3882,0
3883,1
3884,0
3885,0
3886,0
3887,0
3888,0
3889,1
3890,0
3891,0
3892,0
3893,0
3894,1
3895,0
3896,0
3897,0
3898,0
3899,0
3900,1
3901,0
3902,1
3903,0
3904,0
3905,1
3906,0
3907,0
3908,1
3909,0
3910,1
3911,0
3912,0
3913,0
3914,0
3915,1
3916,0
3917,0
3918,0
3919,1
3920,1
3921,1
3922,0
3923,0
3924,0
3925,0
3926,0
3927,0
3928,0
3929,0
3930,0
3931,0
3932,0
3933,0
3934,0
3935,1
3936,1
3937,0
3938,0
3939,0
3940,0
3941,0
3942,1
3943,0
3944,0
3945,0
3946,0
3947,0
3948,1
3949,0
3950,0
3951,0
3952,0
3953,0
3954,0
3955,0
3956,0
3957,0
3958,1
3959,0
3960,0
3961,0
3962,1
3963,0
3964,0
3965,0
3966,0
3967,0
3968,0
3969,0
3970,0
3971,1
3972,0
3973,1
3974,0
3975,0
3976,0
3977,0
3978,0
3979,0
3980,0
3981,0
3982,0
3983,0
3984,0
3985,0
3986,0
3987,1
3988,1
3989,0
3990,0
3991,0
3992,0
3993,0
3994,0
3995,0
3996,0
3997,1
3998,0
3999,0
4000,1
4001,0
4002,1
4003,0
4004,0
4005,1
4006,0
4007,0
4008,0
4009,0
4010,0
4011,0
4012,0
4013,0
4014,0
4015,0
4016,0
4017,0
4018,0
4019,1
4020,0
4021,0
4022,0
4023,0
4024,0
4025,0
4026,1
4027,0
4028,0
4029,1
4030,0
4031,0
4032,0
4033,0
4034,0
4035,1
4036,0
4037,0
4038,1
4039,0
4040,0
4041,0
4042,0
4043,1
4044,0
4045,0
4046,0
4047,0
4048,0
4049,1
4050,1
4051,0
4052,0
4053,0
4054,0
4055,0
4056,1
4057,0
4058,0
4059,1
4060,0
4061,0
4062,0
4063,1
4064,0
4065,0
4066,0
4067,0
4068,1
4069,1
4070,0
4071,0
4072,0
4073,0
4074,0
4075,0
4076,0
4077,0
4078,0
4079,1
4080,0
4081,0
4082,0
4083,0
4084,0
4085,0
4086,1
4087,0
4088,0
4089,1
4090,0
4091,0
4092,1
4093,0
4094,0
4095,0
4096,0
4097,0
4098,0
4099,0
4100,0
4101,0
4102,0
4103,0
4104,0
4105,0
4106,1
4107,0
4108,0
4109,0
4110,0
4111,0
4112,0
4113,0
4114,0
4115,0
4116,0
4117,0
4118,0
4119,1
4120,0
4121,0
4122,0
4123,0
4124,0
4125,0
4126,1
4127,0
4128,0
4129,1
4130,1
4131,0
4132,0
4133,0
4134,0
4135,0
4136,0
4137,1
4138,0
4139,0
4140,0
4141,0
4142,0
4143,0
4144,0
4145,0
4146,1
4147,1
4148,0
4149,0
4150,0
4151,0
4152,0
4153,0
4154,0
4155,0
4156,0
4157,0
4158,0
4159,0
4160,1
4161,0
4162,0
4163,0
4164,1
4165,0
4166,0
4167,0
4168,1
4169,0
4170,0
4171,0
4172,0
4173,0
4174,0
4175,0
4176,0
4177,0
4178,0
4179,0
4180,1
4181,0
4182,0
4183,0
4184,0
4185,1
4186,0
4187,0
4188,0
4189,1
4190,0
4191,1
4192,1
4193,1
4194,0
4195,0
4196,1
4197,0
4198,0
4199,1
4200,0
4201,0
4202,1
4203,0
4204,0
4205,1
4206,0
4207,0
4208,1
4209,0
4210,0
4211,0
4212,0
4213,0
4214,1
4215,0
4216,0
4217,0
4218,0
4219,0
4220,0
4221,0
4222,0
4223,0
4224,1
4225,1
4226,0
4227,0
4228,0
4229,0
4230,0
4231,0
4232,1
4233,0
4234,0
4235,0
4236,0
4237,1
4238,1
4239,1
4240,0
4241,0
4242,0
4243,1
4244,0
4245,1
4246,0
4247,0
4248,0
4249,0
4250,0
4251,1
4252,0
4253,1
4254,0
4255,0
4256,1
4257,1
4258,0
4259,0
4260,0
4261,1
4262,0
4263,0
4264,0
4265,1
4266,0
4267,0
4268,1
4269,0
4270,0
4271,0
4272,0
4273,1
4274,0
4275,0
4276,0
4277,0
4278,1
4279,0
4280,0
4281,0
4282,0
4283,1
4284,0
4285,0
4286,0
4287,0
4288,0
4289,1
4290,0
4291,1
4292,0
4293,0
4294,0
4295,0
4296,0
4297,0
4298,1
4299,0
4300,0
4301,0
4302,0
4303,0
4304,1
4305,1
4306,0
4307,0
4308,0
4309,0
4310,0
4311,0
4312,0
4313,0
4314,0
4315,0
4316,0
4317,0
4318,0
4319,0
4320,0
4321,0
4322,0
4323,0
4324,1
4325,0
4326,0
4327,1
4328,0
4329,1
4330,0
4331,0
4332,0
4333,0
4334,0
4335,0
4336,0
4337,0
4338,0
4339,0
4340,1
4341,0
4342,1
4343,0
4344,1
4345,0
4346,1
4347,0
4348,1
4349,0
4350,0
4351,1
4352,0
4353,0
4354,0
4355,0
4356,1
4357,0
4358,0
4359,1
4360,0
4361,1
4362,0
4363,0
4364,0
4365,0
4366,0
4367,0
4368,1
4369,0
4370,0
4371,1
4372,0
4373,1
4374,0
4375,0
4376,0
4377,0
4378,0
4379,0
4380,0
4381,0
4382,0
4383,0
4384,0
4385,0
4386,0
4387,0
4388,0
4389,0
4390,0
4391,0
4392,0
4393,0
4394,0
4395,0
4396,0
4397,0
4398,0
4399,0
4400,0
4401,0
4402,0
4403,0
4404,0
4405,0
4406,0
4407,0
4408,0
4409,0
4410,0
4411,1
4412,0
4413,0
4414,0
4415,0
4416,0
4417,0
4418,0
4419,0
4420,0
4421,0
4422,1
4423,0
4424,0
4425,0
4426,0
4427,0
4428,0
4429,1
4430,0
4431,0
4432,0
4433,1
4434,0
4435,0
4436,0
4437,0
4438,1
4439,0
4440,0
4441,0
4442,0
4443,0
4444,0
4445,0
4446,0
4447,0
4448,0
4449,0
4450,0
4451,0
4452,0
4453,0
4454,0
4455,0
4456,0
4457,0
4458,0
4459,0
4460,0
4461,0
4462,0
4463,0
4464,0
4465,0
4466,1
4467,0
4468,0
4469,0
4470,0
4471,0
4472,0
4473,0
4474,0
4475,0
4476,0
4477,0
4478,0
4479,0
4480,0
4481,0
4482,1
4483,0
4484,0
4485,0
4486,1
4487,0
4488,0
4489,0
4490,0
4491,1
4492,0
4493,0
4494,1
4495,0
4496,0
4497,0
4498,0
4499,0
4500,1
4501,0
4502,0
4503,0
4504,0
4505,0
4506,0
4507,0
4508,1
4509,0
4510,1
4511,0
4512,0
4513,0
4514,1
4515,0
4516,1
4517,1
4518,1
4519,0
4520,1
4521,0
4522,1
4523,1
4524,0
4525,0
4526,0
4527,0
4528,1
4529,0
4530,0
4531,0
4532,0
4533,1
4534,0
4535,0
4536,0
4537,0
4538,1
4539,0
4540,0
4541,0
4542,0
4543,0
4544,0
4545,0
4546,0
4547,0
4548,1
4549,1
4550,0
4551,0
4552,0
4553,1
4554,0
4555,0
4556,0
4557,0
4558,0
4559,0
4560,0
4561,0
4562,1
4563,0
4564,0
4565,0
4566,0
4567,1
4568,0
4569,0
4570,0
4571,0
4572,0
4573,0
4574,0
4575,1
4576,0
4577,0
4578,0
4579,0
4580,0
4581,1
4582,0
4583,1
4584,0
4585,0
4586,0
4587,0
4588,0
4589,0
4590,0
4591,0
4592,0
4593,0
4594,0
4595,0
4596,0
4597,0
4598,1
4599,0
4600,0
4601,0
4602,0
4603,0
4604,0
4605,0
4606,1
4607,0
4608,0
4609,0
4610,0
4611,0
4612,0
4613,1
4614,0
4615,1
4616,0
4617,0
4618,0
4619,0
4620,1
4621,1
4622,0
4623,0
4624,0
4625,0
4626,0
4627,0
4628,1
4629,0
4630,0
4631,1
4632,0
4633,0
4634,0
4635,0
4636,0
4637,1
4638,0
4639,0
4640,1
4641,0
4642,0
4643,1
4644,1
4645,0
4646,0
4647,0
4648,0
4649,1
4650,0
4651,0
4652,0
4653,0
4654,1
4655,1
4656,0
4657,1
4658,0
4659,0
4660,0
4661,0
4662,0
4663,0
4664,1
4665,0
4666,0
4667,0
4668,0
4669,0
4670,1
4671,0
4672,0
4673,0
4674,1
4675,1
4676,0
4677,0
4678,0
4679,0
4680,0
4681,1
4682,0
4683,0
4684,1
4685,0
4686,0
4687,0
4688,1
4689,0
4690,0
4691,0
4692,0
4693,0
4694,0
4695,0
4696,0
4697,0
4698,0
4699,0
4700,0
4701,0
4702,0
4703,0
4704,0
4705,1
4706,0
4707,0
4708,0
4709,1
4710,0
4711,0
4712,0
4713,1
4714,0
4715,0
4716,0
4717,0
4718,0
4719,0
4720,0
4721,1
4722,0
4723,0
4724,0
4725,0
4726,0
4727,0
4728,0
4729,0
4730,0
4731,0
4732,0
4733,1
4734,0
4735,0
4736,0
4737,1
4738,0
4739,1
4740,1
4741,0
4742,0
4743,0
4744,0
4745,0
4746,0
4747,0
4748,0
4749,0
4750,0
4751,0
4752,0
4753,0
4754,0
4755,1
4756,0
4757,1
4758,0
4759,1
4760,0
4761,0
4762,0
4763,0
4764,0
4765,0
4766,0
4767,0
4768,0
4769,0
4770,1
4771,0
4772,1
4773,0
4774,1
4775,0
4776,1
4777,0
4778,0
4779,0
4780,0
4781,0
4782,0
4783,0
4784,0
4785,1
4786,0
4787,1
4788,0
4789,0
4790,1
4791,0
4792,0
4793,1
4794,0
4795,1
4796,0
4797,1
4798,0
4799,0
4800,0
4801,0
4802,0
4803,0
4804,0
4805,0
4806,0
4807,0
4808,0
4809,1
4810,0
4811,1
4812,0
4813,0
4814,0
4815,0
4816,0
4817,1
4818,0
4819,0
4820,0
4821,0
4822,0
4823,0
4824,0
4825,1
4826,0
4827,0
4828,0
4829,0
4830,0
4831,0
4832,0
4833,0
4834,0
4835,0
4836,0
4837,0
4838,0
4839,0
4840,0
4841,0
4842,0
4843,1
4844,0
4845,0
4846,1
4847,0
4848,0
4849,0
4850,1
4851,1
4852,0
4853,0
4854,0
4855,1
4856,0
4857,0
4858,0
4859,1
4860,0
4861,0
4862,0
4863,0
4864,0
4865,0
4866,0
4867,1
4868,0
4869,0
4870,1
4871,1
4872,0
4873,0
4874,0
4875,1
4876,0
4877,0
4878,1
4879,0
4880,0
4881,0
4882,1
4883,0
4884,0
4885,0
4886,0
4887,0
4888,0
4889,1
4890,0
4891,0
4892,0
4893,0
4894,0
4895,0
4896,0
4897,0
4898,0
4899,0
4900,0
4901,0
4902,0
4903,0
4904,0
4905,0
4906,0
4907,0
4908,1
4909,0
4910,0
4911,0
4912,0
4913,0
4914,0
4915,0
4916,0
4917,0
4918,0
4919,0
4920,0
4921,0
4922,0
4923,1
4924,0
4925,0
4926,0
4927,0
4928,0
4929,0
4930,0
4931,0
4932,0
4933,0
4934,0
4935,0
4936,0
4937,0
4938,0
4939,1
4940,0
4941,0
4942,0
4943,1
4944,0
4945,0
4946,0
4947,0
4948,0
4949,0
4950,1
4951,1
4952,0
4953,0
4954,0
4955,0
4956,0
4957,0
4958,0
4959,1
4960,0
4961,1
4962,0
4963,0
4964,0
4965,0
4966,1
4967,0
4968,0
4969,1
4970,1
4971,0
4972,0
4973,0
4974,0
4975,1
4976,0
4977,0
4978,1
4979,1
4980,1
4981,0
4982,0
4983,1
4984,0
4985,0
4986,1
4987,0
4988,1
4989,0
4990,1
4991,0
4992,0
4993,1
4994,0
4995,0
4996,0
4997,0
4998,0
4999,0
5000,0
5001,0
5002,0
5003,0
5004,0
5005,1
5006,1
5007,0
5008,1
5009,1
5010,0
5011,1
5012,0
5013,0
5014,0
5015,0
5016,0
5017,0
5018,0
5019,0
5020,0
5021,0
5022,0
5023,0
5024,0
5025,1
5026,1
5027,0
5028,0
5029,0
5030,0
5031,0
5032,0
5033,0
5034,0
5035,0
5036,0
5037,1
5038,0
5039,0
5040,0
5041,0
5042,1
5043,0
5044,0
5045,0
5046,0
5047,0
5048,0
5049,1
5050,0
5051,1
5052,1
5053,1
5054,1
5055,0
5056,0
5057,0
5058,1
5059,0
5060,0
5061,0
5062,1
5063,0
5064,0
5065,1
5066,0
5067,0
5068,0
5069,0
5070,0
5071,0
5072,0
5073,0
5074,0
5075,0
5076,0
5077,1
5078,0
5079,0
5080,1
5081,1
5082,0
5083,0
5084,0
5085,0
5086,0
5087,0
5088,0
5089,0
5090,0
5091,0
5092,0
5093,1
5094,0
5095,0
5096,0
5097,0
5098,0
5099,0
5100,0
5101,0
5102,1
5103,1
5104,0
5105,1
5106,1
5107,0
5108,1
5109,0
5110,0
5111,1
5112,0
5113,0
5114,0
5115,0
5116,0
5117,0
5118,0
5119,0
5120,0
5121,0
5122,0
5123,0
5124,0
5125,0
5126,0
5127,0
5128,0
5129,0
5130,0
5131,1
5132,0
5133,0
5134,0
5135,0
5136,0
5137,0
5138,0
5139,0
5140,1
5141,0
5142,0
5143,0
5144,0
5145,0
5146,0
5147,0
5148,0
5149,1
5150,0
5151,0
5152,0
5153,1
5154,1
5155,0
5156,1
5157,0
5158,0
5159,0
5160,0
5161,0
5162,1
5163,0
5164,0
5165,0
5166,0
5167,0
5168,0
5169,0
5170,0
5171,0
5172,0
5173,1
5174,0
5175,0
5176,1
5177,1
5178,0
5179,0
5180,0
5181,0
5182,0
5183,1
5184,0
5185,1
5186,0
5187,1
5188,0
5189,0
5190,1
5191,0
5192,0
5193,0
5194,0
5195,0
5196,0
5197,1
5198,0
5199,0
5200,0
5201,0
5202,0
5203,0
5204,0
5205,0
5206,0
5207,1
5208,1
5209,0
5210,0
5211,0
5212,0
5213,0
5214,0
5215,0
5216,0
5217,1
5218,0
5219,0
5220,0
5221,0
5222,1
5223,0
5224,1
5225,0
5226,0
5227,1
5228,0
5229,0
5230,0
5231,0
5232,1
5233,0
5234,0
5235,0
5236,1
5237,0
5238,0
5239,0
5240,0
5241,0
5242,0
5243,0
5244,0
5245,1
5246,0
5247,0
5248,0
5249,0
5250,0
5251,1
5252,0
5253,0
5254,0
5255,0
5256,0
5257,0
5258,0
5259,0
5260,0
5261,0
5262,0
5263,1
5264,0
5265,0
5266,0
5267,0
5268,1
5269,0
5270,0
5271,0
5272,0
5273,0
5274,0
5275,0
5276,0
5277,0
5278,0
5279,0
5280,0
5281,1
5282,0
5283,0
5284,0
5285,0
5286,0
5287,1
5288,0
5289,0
5290,0
5291,1
5292,0
5293,0
5294,0
5295,0
5296,0
5297,0
5298,1
5299,0
5300,0
5301,0
5302,0
5303,0
5304,1
5305,0
5306,0
5307,0
5308,1
5309,1
5310,0
5311,1
5312,0
5313,1
5314,0
5315,0
5316,1
5317,0
5318,0
5319,0
5320,0
5321,0
5322,0
5323,0
5324,0
5325,0
5326,1
5327,0
5328,0
5329,1
5330,0
5331,1
5332,0
5333,1
5334,0
5335,1
5336,1
5337,1
5338,1
5339,0
5340,0
5341,0
5342,0
5343,0
5344,0
5345,1
5346,0
5347,0
5348,0
5349,0
5350,0
5351,0
5352,0
5353,0
5354,0
5355,0
5356,0
5357,0
5358,1
5359,0
5360,0
5361,0
5362,1
5363,0
5364,1
5365,0
5366,0
5367,0
5368,0
5369,0
5370,0
5371,0
5372,1
5373,1
5374,1
5375,1
5376,0
5377,0
5378,0
5379,0
5380,1
5381,0
5382,0
5383,1
5384,0
5385,0
5386,0
5387,0
5388,0
5389,0
5390,0
5391,0
5392,0
5393,0
5394,0
5395,0
5396,0
5397,0
5398,1
5399,0
5400,0
5401,0
5402,0
5403,0
5404,0
5405,0
5406,1
5407,0
5408,0
5409,0
5410,0
5411,0
5412,0
5413,0
5414,0
5415,1
5416,1
5417,0
5418,0
5419,0
5420,0
5421,0
5422,0
5423,0
5424,0
5425,0
5426,0
5427,0
5428,0
5429,1
5430,1
5431,0
5432,0
5433,1
5434,0
5435,0
5436,1
5437,0
5438,0
5439,0
5440,0
5441,0
5442,0
5443,0
5444,0
5445,0
5446,0
5447,1
5448,0
5449,0
5450,0
5451,0
5452,0
5453,0
5454,1
5455,0
5456,1
5457,1
5458,1
5459,0
5460,1
5461,1
5462,1
5463,0
5464,0
5465,0
5466,0
5467,0
5468,0
5469,0
5470,0
5471,0
5472,1
5473,0
5474,0
5475,0
5476,0
5477,0
5478,0
5479,0
5480,1
5481,0
5482,0
5483,0
5484,0
5485,0
5486,0
5487,0
5488,0
5489,0
5490,0
5491,0
5492,0
5493,0
5494,0
5495,0
5496,0
5497,0
5498,0
5499,0
5500,0
5501,1
5502,1
5503,0
5504,1
5505,0
5506,0
5507,0
5508,0
5509,0
5510,1
5511,0
5512,0
5513,1
5514,1
5515,1
5516,1
5517,0
5518,0
5519,0
5520,0
5521,1
5522,0
5523,0
5524,0
5525,0
5526,0
5527,0
5528,0
5529,0
5530,0
5531,1
5532,0
5533,1
5534,0
5535,0
5536,1
5537,1
5538,0
5539,0
5540,0
5541,0
5542,0
5543,0
5544,0
5545,0
5546,0
5547,0
5548,0
5549,0
5550,0
5551,0
5552,1
5553,0
5554,0
5555,0
5556,0
5557,0
5558,1
5559,0
5560,1
5561,0
5562,0
5563,0
5564,0
5565,0
5566,0
5567,0
5568,0
5569,1
5570,1
5571,0
5572,0
5573,0
5574,1
5575,0
5576,0
5577,1
5578,0
5579,1
5580,1
5581,0
5582,0
5583,0
5584,0
5585,0
5586,0
5587,0
5588,1
5589,0
5590,0
5591,1
5592,0
5593,0
5594,0
5595,0
5596,0
5597,1
5598,1
5599,1
5600,0
5601,0
5602,1
5603,0
5604,0
5605,0
5606,0
5607,0
5608,0
5609,0
5610,0
5611,0
5612,0
5613,1
5614,0
5615,1
5616,0
5617,1
5618,0
5619,0
5620,0
5621,0
5622,0
5623,0
5624,1
5625,0
5626,0
5627,1
5628,0
5629,0
5630,0
5631,0
5632,0
5633,0
5634,0
5635,0
5636,0
5637,1
5638,0
5639,0
5640,0
5641,0
5642,0
5643,0
5644,0
5645,0
5646,0
5647,0
5648,0
5649,0
5650,0
5651,0
5652,0
5653,0
5654,0
5655,0
5656,0
5657,1
5658,0
5659,0
5660,0
5661,0
5662,0
5663,0
5664,0
5665,0
5666,0
5667,0
5668,0
5669,1
5670,0
5671,1
5672,0
5673,0
5674,0
5675,1
5676,1
5677,0
5678,0
5679,1
5680,1
5681,0
5682,0
5683,0
5684,1
5685,0
5686,0
5687,0
5688,0
5689,0
5690,1
5691,1
5692,1
5693,1
5694,0
5695,1
5696,1
5697,0
5698,0
5699,1
5700,0
5701,0
5702,1
5703,0
5704,1
5705,0
5706,0
5707,0
5708,0
5709,1
5710,0
5711,0
5712,0
5713,1
5714,1
5715,1
5716,0
5717,1
5718,0
5719,0
5720,0
5721,0
5722,0
5723,1
5724,0
5725,0
5726,1
5727,0
5728,1
5729,0
5730,1
5731,0
5732,1
5733,0
5734,0
5735,0
5736,0
5737,0
5738,0
5739,0
5740,0
5741,0
5742,0
5743,0
5744,0
5745,0
5746,0
5747,0
5748,0
5749,0
5750,0
5751,0
5752,0
5753,0
5754,1
5755,0
5756,0
5757,0
5758,1
5759,0
5760,0
5761,0
5762,0
5763,0
5764,0
5765,0
5766,0
5767,1
5768,1
5769,0
5770,0
5771,0
5772,0
5773,1
5774,0
5775,1
5776,1
5777,0
5778,0
5779,0
5780,1
5781,0
5782,0
5783,0
5784,0
5785,0
5786,1
5787,0
5788,0
5789,0
5790,1
5791,1
5792,0
5793,1
5794,0
5795,0
5796,0
5797,0
5798,0
5799,0
5800,1
5801,0
5802,1
5803,1
5804,1
5805,0
5806,0
5807,0
5808,0
5809,0
5810,0
5811,0
5812,0
5813,1
5814,0
5815,0
5816,0
5817,0
5818,0
5819,0
5820,0
5821,0
5822,0
5823,0
5824,1
5825,1
5826,0
5827,1
5828,1
5829,0
5830,0
5831,0
5832,0
5833,1
5834,1
5835,1
5836,0
5837,0
5838,0
5839,0
5840,0
5841,0
5842,0
5843,0
5844,0
5845,0
5846,1
5847,0
5848,0
5849,0
5850,0
5851,0
5852,0
5853,1
5854,1
5855,0
5856,0
5857,1
5858,0
5859,0
5860,0
5861,0
5862,1
5863,1
5864,0
5865,0
5866,0
5867,0
5868,0
5869,0
5870,0
5871,0
5872,0
5873,0
5874,1
5875,0
5876,0
5877,0
5878,0
5879,0
5880,0
5881,0
5882,0
5883,0
5884,0
5885,0
5886,1
5887,0
5888,0
5889,0
5890,0
5891,0
5892,1
5893,0
5894,0
5895,0
5896,0
5897,1
5898,0
5899,0
5900,0
5901,0
5902,0
5903,0
5904,1
5905,0
5906,0
5907,1
5908,0
5909,0
5910,1
5911,0
5912,0
5913,0
5914,0
5915,1
5916,0
5917,0
5918,0
5919,1
5920,0
5921,0
5922,0
5923,1
5924,0
5925,0
5926,0
5927,0
5928,0
5929,0
5930,1
5931,0
5932,0
5933,0
5934,0
5935,0
5936,0
5937,0
5938,0
5939,0
5940,0
5941,0
5942,0
5943,0
5944,1
5945,0
5946,1
5947,0
5948,0
5949,1
5950,0
5951,0
5952,0
5953,0
5954,0
5955,1
5956,0
5957,1
5958,1
5959,0
5960,1
5961,0
5962,0
5963,0
5964,0
5965,0
5966,0
5967,0
5968,1
5969,0
5970,0
5971,1
5972,0
5973,0
5974,0
5975,0
5976,0
5977,0
5978,1
5979,1
5980,1
5981,0
5982,0
5983,0
5984,0
5985,0
5986,0
5987,1
5988,0
5989,1
5990,0
5991,0
5992,0
5993,1
5994,0
5995,0
5996,1
5997,1
5998,1
5999,1
6000,0
6001,0
6002,1
6003,0
6004,1
6005,0
6006,0
6007,0
6008,0
6009,0
6010,0
6011,0
6012,0
6013,0
6014,0
6015,0
6016,0
6017,0
6018,1
6019,0
6020,0
6021,0
6022,0
6023,0
6024,1
6025,1
6026,0
6027,0
6028,0
6029,0
6030,0
6031,0
6032,0
6033,0
6034,0
6035,1
6036,1
6037,1
6038,0
6039,0
6040,0
6041,0
6042,0
6043,0
6044,0
6045,0
6046,1
6047,0
6048,0
6049,0
6050,0
6051,0
6052,0
6053,0
6054,0
6055,0
6056,0
6057,1
6058,1
6059,0
6060,0
6061,0
6062,0
6063,1
6064,1
6065,0
6066,0
6067,0
6068,1
6069,1
6070,1
6071,0
6072,1
6073,0
6074,0
6075,0
6076,1
6077,0
6078,0
6079,1
6080,1
6081,0
6082,0
6083,1
6084,0
6085,0
6086,1
6087,1
6088,0
6089,0
6090,0
6091,0
6092,1
6093,1
6094,1
6095,1
6096,1
6097,0
6098,0
6099,0
6100,1
6101,1
6102,1
6103,0
6104,0
6105,0
6106,0
6107,1
6108,0
6109,1
6110,0
6111,0
6112,1
6113,1
6114,0
6115,1
6116,1
6117,1
6118,0
6119,0
6120,1
6121,0
6122,0
6123,0
6124,1
6125,0
6126,0
6127,1
6128,0
6129,1
6130,1
6131,0
6132,0
6133,0
6134,0
6135,0
6136,1
6137,0
6138,0
6139,0
6140,0
6141,0
6142,0
6143,1
6144,1
6145,0
6146,0
6147,1
6148,0
6149,0
6150,0
6151,0
6152,0
6153,0
6154,0
6155,0
6156,0
6157,1
6158,1
6159,0
6160,0
6161,0
6162,0
6163,0
6164,0
6165,1
6166,0
6167,0
6168,1
6169,0
6170,0
6171,0
6172,0
6173,0
6174,0
6175,1
6176,0
6177,0
6178,0
6179,1
6180,0
6181,1
6182,0
6183,0
6184,1
6185,0
6186,0
6187,0
6188,1
6189,0
6190,1
6191,0
6192,0
6193,0
6194,0
6195,0
6196,1
6197,0
6198,0
6199,1
6200,0
6201,0
6202,0
6203,0
6204,0
6205,1
6206,0
6207,0
6208,0
6209,0
6210,0
6211,0
6212,1
6213,1
6214,0
6215,1
6216,1
6217,0
6218,0
6219,0
6220,0
6221,0
6222,0
6223,0
6224,1
6225,0
6226,0
6227,0
6228,0
6229,1
6230,0
6231,0
6232,0
6233,1
6234,0
6235,1
6236,0
6237,0
6238,0
6239,0
6240,0
6241,0
6242,0
6243,0
6244,0
6245,0
6246,1
6247,0
6248,0
6249,0
6250,1
6251,0
6252,1
6253,1
6254,0
6255,0
6256,0
6257,0
6258,0
6259,1
6260,0
6261,0
6262,0
6263,0
6264,0
6265,0
6266,0
6267,0
6268,1
6269,0
6270,0
6271,0
6272,0
6273,0
6274,0
6275,0
6276,0
6277,0
6278,0
6279,0
6280,0
6281,0
6282,0
6283,0
6284,0
6285,0
6286,0
6287,0
6288,0
6289,0
6290,1
6291,1
6292,0
6293,0
6294,0
6295,0
6296,0
6297,1
6298,0
6299,1
6300,0
6301,1
6302,0
6303,0
6304,0
6305,0
6306,0
6307,1
6308,0
6309,1
6310,0
6311,0
6312,1
6313,1
6314,0
6315,0
6316,1
6317,0
6318,1
6319,1
6320,1
6321,1
6322,1
6323,1
6324,1
6325,1
6326,1
6327,0
6328,0
6329,0
6330,1
6331,1
6332,0
6333,0
6334,0
6335,0
6336,0
6337,1
6338,1
6339,1
6340,1
6341,1
6342,1
6343,1
6344,1
6345,1
6346,0
6347,1
6348,1
6349,1
6350,1
6351,1
6352,1
6353,0
6354,1
6355,0
6356,0
6357,1
6358,0
6359,0
6360,0
6361,1
6362,0
6363,0
6364,1
6365,1
6366,0
6367,0
6368,0
6369,1
6370,1
6371,0
6372,0
6373,1
6374,1
6375,0
6376,1
6377,1
6378,1
6379,0
6380,1
6381,0
6382,1
6383,1
6384,1
6385,1
6386,0
6387,1
6388,1
6389,1
6390,1
6391,0
6392,1
6393,0
6394,0
6395,1
6396,1
6397,0
6398,1
6399,0
6400,0
6401,1
6402,1
6403,1
6404,1
6405,0
6406,1
6407,1
6408,1
6409,0
6410,1
6411,1
6412,1
6413,0
6414,0
6415,1
6416,0
6417,1
6418,0
6419,1
6420,0
6421,1
6422,0
6423,1
6424,1
6425,1
6426,1
6427,1
6428,0
6429,1
6430,1
6431,0
6432,1
6433,1
6434,0
6435,1
6436,1
6437,1
6438,1
6439,0
6440,1
6441,1
6442,1
6443,1
6444,1
6445,0
6446,1
6447,1
6448,1
6449,1
6450,1
6451,1
6452,1
6453,1
6454,1
6455,1
6456,0
6457,1
6458,1
6459,1
6460,1
6461,1
6462,1
6463,1
6464,1
6465,1
6466,0
6467,1
6468,1
6469,1
6470,1
6471,1
6472,0
6473,1
6474,0
6475,1
6476,1
6477,1
6478,1
6479,1
6480,1
6481,1
6482,0
6483,0
6484,1
6485,0
6486,1
6487,1
6488,1
6489,1
6490,1
6491,1
6492,0
6493,1
6494,0
6495,0
6496,0
6497,1
6498,1
6499,1
6500,1
6501,1
6502,1
6503,1
6504,1
6505,1
6506,0
6507,1
6508,0
6509,1
6510,0
6511,1
6512,1
6513,1
6514,1
6515,1
6516,0
6517,0
6518,1
6519,1
6520,1
6521,1
6522,1
6523,1
6524,0
6525,1
6526,1
6527,1
6528,0
6529,0
6530,0
6531,0
6532,1
6533,0
6534,0
6535,0
6536,0
6537,1
6538,1
6539,0
6540,1
6541,1
6542,1
6543,1
6544,1
6545,1
6546,0
6547,1
6548,1
6549,1
6550,1
6551,0
6552,1
6553,1
6554,1
6555,1
6556,0
6557,0
6558,1
6559,1
6560,0
6561,1
6562,1
6563,1
6564,1
6565,1
6566,1
6567,1
6568,1
6569,0
6570,0
6571,1
6572,1
6573,1
6574,0
6575,1
6576,0
6577,1
6578,1
6579,0
6580,1
6581,1
6582,1
6583,1
6584,1
6585,1
6586,1
6587,1
6588,1
6589,0
6590,0
6591,0
6592,0
6593,1
6594,1
6595,0
6596,1
6597,0
6598,1
6599,1
6600,1
6601,1
6602,1
6603,1
6604,1
6605,1
6606,1
6607,1
6608,0
6609,1
6610,1
6611,1
6612,1
6613,1
6614,1
6615,1
6616,1
6617,1
6618,0
6619,0
6620,1
6621,0
6622,1
6623,1
6624,1
6625,0
6626,1
6627,1
6628,1
6629,1
6630,1
6631,1
6632,1
6633,1
6634,0
6635,0
6636,1
6637,1
6638,1
6639,1
6640,0
6641,1
6642,1
6643,1
6644,1
6645,0
6646,1
6647,1
6648,1
6649,1
6650,1
6651,1
6652,1
6653,0
6654,1
6655,0
6656,1
6657,1
6658,1
6659,1
6660,1
6661,1
6662,1
6663,1
6664,1
6665,1
6666,1
6667,1
6668,0
6669,1
6670,1
6671,1
6672,1
6673,1
6674,1
6675,1
6676,1
6677,1
6678,1
6679,1
6680,1
6681,1
6682,1
6683,1
6684,1
6685,1
6686,1
6687,1
6688,1
6689,0
6690,0
6691,0
6692,1
6693,1
6694,1
6695,1
6696,0
6697,1
6698,1
6699,0
6700,0
6701,1
6702,1
6703,1
6704,1
6705,1
6706,0
6707,1
6708,1
6709,0
6710,0
6711,1
6712,1
6713,0
6714,1
6715,1
6716,1
6717,1
6718,0
6719,0
6720,1
6721,0
6722,0
6723,0
6724,1
6725,1
6726,1
6727,0
6728,1
6729,1
6730,1
6731,0
6732,1
6733,1
6734,0
6735,1
6736,1
6737,1
6738,1
6739,1
6740,0
6741,0
6742,1
6743,1
6744,1
6745,1
6746,1
6747,1
6748,1
6749,1
6750,0
6751,1
6752,1
6753,1
6754,0
6755,1
6756,0
6757,1
6758,1
6759,1
6760,1
6761,1
6762,0
6763,1
6764,1
6765,1
6766,0
6767,0
6768,1
6769,0
6770,1
6771,1
6772,1
6773,0
6774,0
6775,0
6776,1
6777,1
6778,1
6779,0
6780,1
6781,1
6782,1
6783,1
6784,1
6785,0
6786,1
6787,1
6788,0
6789,0
6790,0
6791,1
6792,1
6793,1
6794,1
6795,1
6796,1
6797,0
6798,1
6799,0
6800,1
6801,1
6802,1
6803,0
6804,0
6805,1
6806,1
6807,1
6808,0
6809,0
6810,1
6811,1
6812,0
6813,1
6814,0
6815,1
6816,0
6817,1
6818,1
6819,0
6820,1
6821,1
6822,0
6823,0
6824,1
6825,0
6826,1
6827,0
6828,0
6829,1
6830,0
6831,1
6832,1
6833,1
6834,0
6835,0
6836,1
6837,1
6838,1
6839,1
6840,1
6841,0
6842,1
6843,1
6844,1
6845,0
6846,0
6847,1
6848,1
6849,1
6850,0
6851,1
6852,0
6853,1
6854,0
6855,1
6856,1
6857,0
6858,1
6859,1
6860,1
6861,1
6862,0
6863,1
6864,0
6865,0
6866,1
6867,1
6868,1
6869,1
6870,1
6871,1
6872,1
6873,1
6874,1
6875,1
6876,1
6877,1
6878,1
6879,1
6880,1
6881,1
6882,1
6883,1
6884,1
6885,0
6886,1
6887,1
6888,1
6889,1
6890,0
6891,1
6892,1
6893,1
6894,0
6895,1
6896,1
6897,0
6898,1
6899,1
6900,1
6901,1
6902,1
6903,1
6904,0
6905,1
6906,0
6907,1
6908,1
6909,1
6910,0
6911,1
6912,1
6913,0
6914,1
6915,1
6916,1
6917,0
6918,1
6919,1
6920,1
6921,1
6922,1
6923,1
6924,1
6925,0
6926,1
6927,0
6928,1
6929,1
6930,1
6931,1
6932,1
6933,1
6934,1
6935,1
6936,0
6937,1
6938,1
6939,1
6940,1
6941,0
6942,1
6943,1
6944,0
6945,1
6946,0
6947,1
6948,1
6949,1
6950,1
6951,0
6952,0
6953,0
6954,1
6955,1
6956,1
6957,1
6958,1
6959,1
6960,1
6961,1
6962,1
6963,0
6964,1
6965,0
6966,1
6967,0
6968,1
6969,1
6970,0
6971,1
6972,1
6973,1
6974,0
6975,1
6976,1
6977,1
6978,1
6979,0
6980,1
6981,1
6982,1
6983,1
6984,1
6985,1
6986,0
6987,0
6988,0
6989,1
6990,1
6991,1
6992,0
6993,1
6994,0
6995,0
6996,1
6997,1
6998,1
6999,1
7000,1
7001,0
7002,1
7003,1
7004,1
7005,0
7006,1
7007,1
7008,1
7009,1
7010,1
7011,1
7012,1
7013,1
7014,1
7015,1
7016,1
7017,1
7018,1
7019,1
7020,0
7021,1
7022,1
7023,1
7024,0
7025,0
7026,1
7027,0
7028,1
7029,1
7030,1
7031,1
7032,1
7033,1
7034,1
7035,1
7036,1
7037,0
7038,1
7039,1
7040,0
7041,1
7042,1
7043,0
7044,1
7045,0
7046,0
7047,1
7048,0
7049,1
7050,1
7051,1
7052,1
7053,0
7054,0
7055,1
7056,1
7057,1
7058,0
7059,0
7060,1
7061,1
7062,1
7063,1
7064,1
7065,1
7066,1
7067,0
7068,1
7069,1
7070,1
7071,0
7072,1
7073,1
7074,1
7075,1
7076,1
7077,1
7078,1
7079,1
7080,0
7081,1
7082,1
7083,1
7084,0
7085,1
7086,1
7087,1
7088,1
7089,1
7090,1
7091,0
7092,1
7093,1
7094,1
7095,0
7096,1
7097,1
7098,0
7099,0
7100,1
7101,0
7102,1
7103,1
7104,1
7105,1
7106,0
7107,1
7108,1
7109,1
7110,1
7111,0
7112,1
7113,1
7114,1
7115,1
7116,0
7117,1
7118,1
7119,0
7120,1
7121,0
7122,1
7123,1
7124,1
7125,1
7126,0
7127,1
7128,0
7129,1
7130,0
7131,1
7132,1
7133,1
7134,1
7135,1
7136,1
7137,0
7138,1
7139,0
7140,0
7141,1
7142,1
7143,0
7144,0
7145,1
7146,1
7147,0
7148,0
7149,1
7150,1
7151,1
7152,1
7153,1
7154,1
7155,1
7156,0
7157,1
7158,1
7159,1
7160,1
7161,1
7162,1
7163,1
7164,1
7165,1
7166,1
7167,1
7168,0
7169,1
7170,1
7171,0
7172,1
7173,1
7174,0
7175,0
7176,0
7177,1
7178,1
7179,1
7180,0
7181,1
7182,0
7183,1
7184,1
7185,1
7186,1
7187,1
7188,0
7189,1
7190,1
7191,1
7192,1
7193,0
7194,1
7195,1
7196,1
7197,1
7198,1
7199,1
7200,1
7201,1
7202,0
7203,1
7204,1
7205,1
7206,1
7207,0
7208,0
7209,1
7210,0
7211,1
7212,0
7213,1
7214,1
7215,0
7216,1
7217,1
7218,0
7219,1
7220,1
7221,0
7222,1
7223,0
7224,1
7225,1
7226,0
7227,1
7228,1
7229,1
7230,0
7231,1
7232,1
7233,0
7234,0
7235,1
7236,1
7237,1
7238,1
7239,1
7240,1
7241,1
7242,1
7243,1
7244,1
7245,1
7246,1
7247,0
7248,1
7249,0
7250,0
7251,0
7252,1
7253,1
7254,1
7255,1
7256,1
7257,1
7258,1
7259,1
7260,1
7261,1
7262,1
7263,1
7264,1
7265,1
7266,1
7267,1
7268,0
7269,0
7270,1
7271,0
7272,0
7273,1
7274,1
7275,1
7276,0
7277,1
7278,1
7279,1
7280,0
7281,1
7282,0
7283,0
7284,0
7285,0
7286,0
7287,0
7288,1
7289,1
7290,1
7291,0
7292,1
7293,1
7294,1
7295,1
7296,1
7297,0
7298,1
7299,1
7300,1
7301,1
7302,1
7303,1
7304,1
7305,1
7306,1
7307,1
7308,1
7309,1
7310,1
7311,1
7312,0
7313,1
7314,0
7315,1
7316,1
7317,1
7318,1
7319,1
7320,1
7321,1
7322,0
7323,1
7324,1
7325,1
7326,1
7327,1
7328,1
7329,1
7330,0
7331,1
7332,1
7333,1
7334,0
7335,0
7336,0
7337,1
7338,1
7339,1
7340,1
7341,1
7342,1
7343,1
7344,1
7345,1
7346,1
7347,1
7348,0
7349,1
7350,1
7351,1
7352,1
7353,1
7354,1
7355,0
7356,1
7357,0
7358,1
7359,1
7360,1
7361,0
7362,1
7363,1
7364,1
7365,1
7366,0
7367,1
7368,1
7369,1
7370,0
7371,0
7372,0
7373,1
7374,1
7375,1
7376,1
7377,0
7378,0
7379,1
7380,1
7381,1
7382,1
7383,0
7384,0
7385,1
7386,1
7387,1
7388,1
7389,0
7390,1
7391,0
7392,1
7393,1
7394,1
7395,0
7396,1
7397,0
7398,0
7399,1
7400,1
7401,0
7402,1
7403,1
7404,0
7405,1
7406,1
7407,1
7408,1
7409,1
7410,1
7411,1
7412,1
7413,1
7414,0
7415,0
7416,1
7417,1
7418,1
7419,1
7420,0
7421,1
7422,1
7423,1
7424,0
7425,0
7426,1
7427,1
7428,0
7429,1
7430,0
7431,1
7432,1
7433,1
7434,0
7435,1
7436,1
7437,1
7438,1
7439,0
7440,1
7441,1
7442,1
7443,0
7444,1
7445,0
7446,1
7447,1
7448,0
7449,1
7450,1
7451,1
7452,1
7453,1
7454,1
7455,1
7456,1
7457,0
7458,1
7459,1
7460,1
7461,1
7462,1
7463,0
7464,1
7465,1
7466,1
7467,1
7468,0
7469,1
7470,1
7471,1
7472,1
7473,1
7474,0
7475,1
7476,1
7477,0
7478,1
7479,1
7480,1
7481,1
7482,1
7483,1
7484,0
7485,0
7486,1
7487,1
7488,1
7489,1
7490,0
7491,1
7492,1
7493,1
7494,0
7495,1
7496,1
7497,1
7498,1
7499,1
7500,1
7501,1
7502,1
7503,1
7504,0
7505,1
7506,1
7507,1
7508,1
7509,0
7510,1
7511,1
7512,1
7513,0
7514,0
7515,1
7516,1
7517,0
7518,0
7519,1
7520,0
7521,1
7522,1
7523,1
7524,1
7525,1
7526,1
7527,0
7528,1
7529,1
7530,1
7531,1
7532,1
7533,1
7534,1
7535,1
7536,1
7537,1
7538,1
7539,1
7540,1
7541,1
7542,1
7543,1
7544,1
7545,1
7546,1
7547,1
7548,0
7549,1
7550,1
7551,1
7552,1
7553,1
7554,1
7555,1
7556,0
7557,1
7558,1
7559,1
7560,1
7561,1
7562,1
7563,1
7564,1
7565,0
7566,1
7567,1
7568,0
7569,1
7570,1
7571,0
7572,1
7573,1
7574,1
7575,1
7576,0
7577,1
7578,1
7579,1
7580,0
7581,1
7582,1
7583,1
7584,1
7585,1
7586,0
7587,1
7588,1
7589,0
7590,1
7591,1
7592,1
7593,1
7594,1
7595,1
7596,1
7597,1
7598,1
7599,1
7600,0
7601,0
7602,1
7603,1
7604,1
7605,0
7606,1
7607,1
7608,1
7609,0
7610,1
7611,1
7612,1
7613,1
7614,1
7615,1
7616,1
7617,1
7618,1
7619,1
7620,1
7621,1
7622,1
7623,1
7624,1
7625,0
7626,1
7627,1
7628,1
7629,1
7630,1
7631,1
7632,0
7633,1
7634,0
7635,0
7636,1
7637,0
7638,1
7639,1
7640,1
7641,1
7642,1
7643,1
7644,0
7645,1
7646,1
7647,1
7648,1
7649,1
7650,1
7651,1
7652,1
7653,1
7654,1
7655,1
7656,1
7657,1
7658,1
7659,1
7660,1
7661,1
7662,1
7663,0
7664,1
7665,0
7666,1
7667,1
7668,0
7669,0
7670,0
7671,1
7672,1
7673,1
7674,0
7675,1
7676,1
7677,1
7678,0
7679,1
7680,1
7681,1
7682,1
7683,1
7684,1
7685,1
7686,1
7687,0
7688,1
7689,0
7690,1
7691,1
7692,0
7693,1
7694,0
7695,1
7696,1
7697,1
7698,1
7699,0
7700,0
7701,1
7702,1
7703,1
7704,0
7705,0
7706,0
7707,1
7708,1
7709,0
7710,1
7711,1
7712,0
7713,1
7714,1
7715,1
7716,1
7717,1
7718,1
7719,1
7720,0
7721,1
7722,1
7723,1
7724,1
7725,0
7726,1
7727,1
7728,1
7729,1
7730,1
7731,1
7732,1
7733,1
7734,1
7735,1
7736,1
7737,1
7738,1
7739,1
7740,1
7741,1
7742,1
7743,1
7744,1
7745,1
7746,1
7747,1
7748,1
7749,1
7750,1
7751,1
7752,1
7753,1
7754,1
7755,1
7756,1
7757,1
7758,1
7759,1
7760,1
7761,1
7762,1
7763,1
7764,1
7765,1
7766,1
7767,1
7768,1
7769,1
7770,1
7771,1
7772,1
7773,1
7774,1
7775,0
7776,1
7777,1
7778,0
7779,0
7780,1
7781,1
7782,1
7783,1
7784,1
7785,1
7786,1
7787,1
7788,1
7789,1
7790,1
7791,0
7792,1
7793,1
7794,1
7795,0
7796,1
7797,1
7798,1
7799,1
7800,1
7801,1
7802,1
7803,1
7804,0
7805,0
7806,1
7807,0
7808,1
7809,1
7810,0
7811,1
7812,1
7813,1
7814,1
7815,1
7816,1
7817,1
7818,0
7819,1
7820,1
7821,1
7822,1
7823,1
7824,1
7825,1
7826,1
7827,1
7828,1
7829,1
7830,1
7831,1
7832,1
7833,1
7834,1
7835,1
7836,1
7837,1
7838,1
7839,1
7840,1
7841,1
7842,1
7843,0
7844,0
7845,0
7846,0
7847,1
7848,1
7849,1
7850,1
7851,1
7852,1
7853,1
7854,0
7855,1
7856,1
7857,1
7858,1
7859,1
7860,1
7861,1
7862,1
7863,1
7864,1
7865,1
7866,1
7867,1
7868,1
7869,1
7870,1
7871,1
7872,0
7873,0
7874,1
7875,1
7876,0
7877,1
7878,1
7879,1
7880,1
7881,1
7882,1
7883,0
7884,1
7885,1
7886,1
7887,1
7888,1
7889,1
7890,0
7891,1
7892,1
7893,1
7894,1
7895,1
7896,1
7897,1
7898,1
7899,0
7900,1
7901,0
7902,1
7903,0
7904,1
7905,1
7906,1
7907,1
7908,1
7909,1
7910,0
7911,1
7912,0
7913,1
7914,1
7915,1
7916,1
7917,1
7918,1
7919,0
7920,0
7921,1
7922,0
7923,0
7924,1
7925,1
7926,0
7927,1
7928,0
7929,0
7930,0
7931,1
7932,1
7933,1
7934,1
7935,0
7936,1
7937,1
7938,1
7939,1
7940,1
7941,1
7942,1
7943,0
7944,0
7945,1
7946,1
7947,1
7948,1
7949,0
7950,1
7951,1
7952,0
7953,0
7954,0
7955,0
7956,1
7957,1
7958,1
7959,1
7960,0
7961,1
7962,1
7963,1
7964,1
7965,1
7966,0
7967,1
7968,1
7969,1
7970,1
7971,1
7972,0
7973,1
7974,0
7975,0
7976,1
7977,1
7978,1
7979,1
7980,1
7981,1
7982,1
7983,1
7984,1
7985,1
7986,0
7987,1
7988,1
7989,0
7990,1
7991,1
7992,0
7993,1
7994,1
7995,1
7996,1
7997,1
7998,1
7999,1
8000,1
8001,0
8002,1
8003,0
8004,1
8005,1
8006,1
8007,1
8008,1
8009,0
8010,1
8011,1
8012,1
8013,0
8014,1
8015,1
8016,1
8017,1
8018,1
8019,1
8020,1
8021,1
8022,1
8023,0
8024,1
8025,0
8026,0
8027,0
8028,0
8029,1
8030,1
8031,1
8032,0
8033,1
8034,0
8035,1
8036,1
8037,1
8038,1
8039,0
8040,1
8041,1
8042,1
8043,1
8044,0
8045,1
8046,1
8047,1
8048,1
8049,1
8050,0
8051,1
8052,1
8053,1
8054,0
8055,1
8056,1
8057,1
8058,1
8059,1
8060,1
8061,0
8062,1
8063,0
8064,1
8065,1
8066,0
8067,1
8068,0
8069,1
8070,1
8071,0
8072,1
8073,1
8074,0
8075,1
8076,1
8077,0
8078,1
8079,0
8080,0
8081,1
8082,1
8083,1
8084,1
8085,1
8086,1
8087,0
8088,1
8089,0
8090,1
8091,1
8092,1
8093,1
8094,1
8095,1
8096,1
8097,1
8098,0
8099,1
8100,1
8101,1
8102,1
8103,0
8104,1
8105,1
8106,1
8107,1
8108,0
8109,0
8110,0
8111,1
8112,0
8113,1
8114,1
8115,1
8116,1
8117,1
8118,1
8119,1
8120,1
8121,1
8122,0
8123,1
8124,1
8125,1
8126,1
8127,0
8128,1
8129,1
8130,1
8131,1
8132,1
8133,1
8134,1
8135,1
8136,0
8137,0
8138,1
8139,1
8140,0
8141,1
8142,1
8143,1
8144,1
8145,1
8146,1
8147,1
8148,1
8149,1
8150,1
8151,1
8152,1
8153,1
8154,1
8155,1
8156,1
8157,1
8158,1
8159,1
8160,1
8161,0
8162,1
8163,1
8164,1
8165,1
8166,1
8167,1
8168,1
8169,1
8170,0
8171,1
8172,1
8173,1
8174,1
8175,1
8176,1
8177,0
8178,0
8179,1
8180,0
8181,1
8182,1
8183,1
8184,1
8185,1
8186,1
8187,1
8188,1
8189,1
8190,1
8191,0
8192,1
8193,1
8194,0
8195,1
8196,0
8197,1
8198,1
8199,0
8200,1
8201,1
8202,1
8203,1
8204,1
8205,0
8206,1
8207,0
8208,1
8209,1
8210,1
8211,1
8212,1
8213,1
8214,1
8215,1
8216,1
8217,1
8218,1
8219,1
8220,1
8221,1
8222,0
8223,1
8224,1
8225,1
8226,1
8227,0
8228,1
8229,1
8230,1
8231,1
8232,1
8233,1
8234,1
8235,1
8236,0
8237,1
8238,0
8239,0
8240,1
8241,1
8242,1
8243,1
8244,1
8245,1
8246,1
8247,0
8248,1
8249,0
8250,1
8251,1
8252,0
8253,1
8254,1
8255,0
8256,1
8257,1
8258,0
8259,1
8260,1
8261,0
8262,1
8263,0
8264,1
8265,1
8266,0
8267,1
8268,1
8269,1
8270,0
8271,0
8272,0
8273,0
8274,1
8275,1
8276,1
8277,0
8278,1
8279,1
8280,1
8281,0
8282,1
8283,1
8284,1
8285,1
8286,1
8287,1
8288,0
8289,0
8290,1
8291,1
8292,0
8293,1
8294,0
8295,1
8296,0
8297,0
8298,0
8299,1
8300,0
8301,1
8302,0
8303,1
8304,0
8305,1
8306,1
8307,1
8308,1
8309,1
8310,1
8311,1
8312,1
8313,1
8314,1
8315,0
8316,1
8317,1
8318,1
8319,0
8320,1
8321,1
8322,0
8323,1
8324,0
8325,0
8326,1
8327,1
8328,0
8329,1
8330,1
8331,0
8332,1
8333,1
8334,0
8335,1
8336,1
8337,1
8338,1
8339,1
8340,1
8341,1
8342,0
8343,0
8344,1
8345,1
8346,1
8347,1
8348,1
8349,1
8350,1
8351,1
8352,1
8353,1
8354,1
8355,0
8356,1
8357,1
8358,1
8359,1
8360,1
8361,1
8362,1
8363,1
8364,0
8365,0
8366,1
8367,1
8368,0
8369,1
8370,0
8371,1
8372,0
8373,1
8374,1
8375,1
8376,1
8377,1
8378,1
8379,1
8380,0
8381,1
8382,1
8383,0
8384,0
8385,1
8386,1
8387,1
8388,0
8389,0
8390,1
8391,1
8392,1
8393,1
8394,1
8395,1
8396,1
8397,1
8398,1
8399,0
8400,1
8401,0
8402,1
8403,1
8404,1
8405,1
8406,1
8407,1
8408,1
8409,1
8410,1
8411,0
8412,0
8413,1
8414,0
8415,0
8416,1
8417,1
8418,1
8419,1
8420,1
8421,0
8422,0
8423,1
8424,1
8425,1
8426,1
8427,1
8428,1
8429,1
8430,1
8431,0
8432,1
8433,1
8434,1
8435,1
8436,1
8437,1
8438,1
8439,1
8440,0
8441,1
8442,0
8443,0
8444,0
8445,0
8446,0
8447,1
8448,1
8449,1
8450,1
8451,1
8452,0
8453,1
8454,1
8455,1
8456,0
8457,1
8458,1
8459,0
8460,1
8461,1
8462,1
8463,1
8464,1
8465,0
8466,1
8467,1
8468,1
8469,1
8470,1
8471,0
8472,1
8473,1
8474,1
8475,1
8476,1
8477,1
8478,1
8479,1
8480,1
8481,1
8482,0
8483,1
8484,0
8485,1
8486,1
8487,1
8488,1
8489,0
8490,1
8491,0
8492,1
8493,0
8494,1
8495,1
8496,1
8497,1
8498,1
8499,1
8500,1
8501,1
8502,0
8503,1
8504,1
8505,0
8506,1
8507,1
8508,1
8509,1
8510,1
8511,1
8512,1
8513,0
8514,1
8515,1
8516,1
8517,1
8518,1
8519,1
8520,1
8521,1
8522,1
8523,1
8524,0
8525,1
8526,1
8527,1
8528,1
8529,0
8530,0
8531,1
8532,1
8533,1
8534,1
8535,1
8536,1
8537,1
8538,1
8539,1
8540,1
8541,1
8542,1
8543,0
8544,1
8545,1
8546,1
8547,1
8548,1
8549,1
8550,1
8551,1
8552,1
8553,1
8554,1
8555,1
8556,0
8557,1
8558,1
8559,1
8560,1
8561,1
8562,0
8563,1
8564,1
8565,1
8566,1
8567,0
8568,1
8569,0
8570,1
8571,0
8572,0
8573,1
8574,1
8575,1
8576,1
8577,1
8578,1
8579,1
8580,1
8581,1
8582,1
8583,1
8584,0
8585,0
8586,0
8587,0
8588,1
8589,1
8590,0
8591,0
8592,1
8593,1
8594,1
8595,1
8596,0
8597,0
8598,1
8599,1
8600,0
8601,1
8602,1
8603,1
8604,1
8605,1
8606,1
8607,1
8608,1
8609,1
8610,1
8611,0
8612,0
8613,1
8614,1
8615,0
8616,1
8617,0
8618,1
8619,0
8620,1
8621,1
8622,1
8623,1
8624,1
8625,1
8626,1
8627,1
8628,0
8629,1
8630,1
8631,1
8632,1
8633,1
8634,1
8635,1
8636,1
8637,1
8638,1
8639,1
8640,0
8641,1
8642,1
8643,0
8644,1
8645,1
8646,0
8647,1
8648,1
8649,1
8650,1
8651,0
8652,1
8653,1
8654,0
8655,1
8656,0
8657,1
8658,1
8659,1
8660,0
8661,1
8662,0
8663,0
8664,1
8665,1
8666,0
8667,0
8668,0
8669,1
8670,1
8671,1
8672,1
8673,1
8674,1
8675,1
8676,1
8677,1
8678,1
8679,1
8680,1
8681,1
8682,1
8683,1
8684,1
8685,1
8686,1
8687,1
8688,1
8689,1
8690,1
8691,1
8692,0
8693,1
8694,1
8695,1
8696,1
8697,1
8698,1
8699,1
8700,0
8701,1
8702,0
8703,0
8704,0
8705,0
8706,0
8707,0
8708,0
8709,0
8710,1
8711,0
8712,0
8713,0
8714,0
8715,1
8716,1
8717,1
8718,1
8719,0
8720,1
8721,1
8722,1
8723,1
8724,1
8725,1
8726,0
8727,1
8728,1
8729,1
8730,0
8731,1
8732,1
8733,1
8734,1
8735,1
8736,0
8737,1
8738,1
8739,1
8740,1
8741,0
8742,1
8743,0
8744,1
8745,0
8746,1
8747,1
8748,1
8749,0
8750,1
8751,1
8752,1
8753,0
8754,1
8755,1
8756,1
8757,1
8758,0
8759,1
8760,0
8761,0
8762,1
8763,1
8764,1
8765,1
8766,1
8767,1
8768,1
8769,1
8770,0
8771,1
8772,1
8773,1
8774,0
8775,0
8776,0
8777,1
8778,0
8779,0
8780,1
8781,1
8782,1
8783,1
8784,0
8785,0
8786,0
8787,0
8788,1
8789,1
8790,1
8791,0
8792,1
8793,1
8794,0
8795,1
8796,1
8797,1
8798,1
8799,1
8800,1
8801,1
8802,1
8803,1
8804,1
8805,1
8806,0
8807,1
8808,1
8809,1
8810,1
8811,1
8812,1
8813,1
8814,1
8815,1
8816,1
8817,1
8818,1
8819,1
8820,1
8821,1
8822,0
8823,1
8824,0
8825,1
8826,1
8827,0
8828,1
8829,1
8830,0
8831,1
8832,1
8833,1
8834,1
8835,1
8836,1
8837,1
8838,1
8839,1
8840,1
8841,1
8842,0
8843,1
8844,1
8845,0
8846,1
8847,1
8848,1
8849,1
8850,1
8851,1
8852,1
8853,1
8854,1
8855,0
8856,0
8857,0
8858,1
8859,0
8860,1
8861,1
8862,1
8863,1
8864,1
8865,1
8866,1
8867,0
8868,0
8869,0
8870,1
8871,1
8872,1
8873,1
8874,1
8875,1
8876,1
8877,1
8878,1
8879,1
8880,1
8881,1
8882,1
8883,1
8884,0
8885,1
8886,0
8887,0
8888,1
8889,1
8890,0
8891,1
8892,0
8893,0
8894,1
8895,1
8896,0
8897,1
8898,1
8899,0
8900,0
8901,1
8902,1
8903,1
8904,1
8905,1
8906,0
8907,0
8908,1
8909,0
8910,1
8911,1
8912,1
8913,1
8914,0
8915,1
8916,1
8917,1
8918,1
8919,0
8920,1
8921,1
8922,1
8923,1
8924,1
8925,1
8926,1
8927,1
8928,1
8929,1
8930,1
8931,1
8932,0
8933,1
8934,1
8935,1
8936,1
8937,1
8938,1
8939,1
8940,1
8941,1
8942,1
8943,1
8944,1
8945,1
8946,1
8947,1
8948,1
8949,1
8950,1
8951,1
8952,1
8953,1
8954,1
8955,1
8956,0
8957,0
8958,1
8959,1
8960,1
8961,1
8962,1
8963,1
8964,1
8965,0
8966,1
8967,1
8968,1
8969,1
8970,1
8971,1
8972,1
8973,1
8974,1
8975,1
8976,1
8977,1
8978,1
8979,0
8980,1
8981,1
8982,1
8983,1
8984,1
8985,1
8986,1
8987,1
8988,1
8989,1
8990,1
8991,1
8992,0
8993,1
8994,1
8995,1
8996,1
8997,1
8998,1
8999,1
9000,1
9001,0
9002,1
9003,1
9004,1
9005,1
9006,1
9007,1
9008,1
9009,1
9010,1
9011,1
9012,1
9013,1
9014,1
9015,1
9016,0
9017,1
9018,1
9019,1
9020,1
9021,1
9022,0
9023,1
9024,0
9025,1
9026,1
9027,1
9028,0
9029,1
9030,1
9031,1
9032,1
9033,1
9034,1
9035,1
9036,0
9037,1
9038,1
9039,1
9040,0
9041,0
9042,1
9043,1
9044,1
9045,1
9046,1
9047,1
9048,1
9049,1
9050,1
9051,1
9052,1
9053,1
9054,0
9055,0
9056,0
9057,1
9058,1
9059,1
9060,1
9061,1
9062,1
9063,0
9064,1
9065,0
9066,1
9067,1
9068,1
9069,1
9070,1
9071,0
9072,1
9073,0
9074,1
9075,0
9076,1
9077,1
9078,0
9079,1
9080,1
9081,1
9082,1
9083,0
9084,0
9085,1
9086,1
9087,1
9088,1
9089,1
9090,1
9091,1
9092,1
9093,1
9094,1
9095,1
9096,0
9097,1
9098,1
9099,1
9100,1
9101,1
9102,1
9103,1
9104,1
9105,0
9106,1
9107,1
9108,1
9109,1
9110,1
9111,1
9112,0
9113,1
9114,0
9115,0
9116,1
9117,1
9118,1
9119,1
9120,1
9121,1
9122,1
9123,1
9124,1
9125,1
9126,1
9127,1
9128,1
9129,1
9130,1
9131,1
9132,1
9133,1
9134,1
9135,0
9136,1
9137,1
9138,0
9139,1
9140,1
9141,1
9142,1
9143,1
9144,1
9145,0
9146,1
9147,1
9148,1
9149,1
9150,1
9151,1
9152,0
9153,1
9154,1
9155,1
9156,1
9157,1
9158,0
9159,1
9160,1
9161,1
9162,1
9163,1
9164,1
9165,1
9166,1
9167,1
9168,1
9169,1
9170,1
9171,0
9172,1
9173,1
9174,1
9175,1
9176,0
9177,0
9178,1
9179,1
9180,1
9181,1
9182,0
9183,1
9184,1
9185,1
9186,1
9187,0
9188,1
9189,1
9190,1
9191,1
9192,0
9193,1
9194,1
9195,1
9196,0
9197,0
9198,1
9199,1
9200,1
9201,1
9202,1
9203,1
9204,1
9205,1
9206,1
9207,0
9208,0
9209,1
9210,1
9211,1
9212,1
9213,1
9214,1
9215,0
9216,1
9217,0
9218,0
9219,0
9220,1
9221,1
9222,1
9223,0
9224,1
9225,0
9226,1
9227,0
9228,0
9229,0
9230,1
9231,1
9232,0
9233,0
9234,1
9235,1
9236,1
9237,1
9238,1
9239,1
9240,1
9241,1
9242,1
9243,1
9244,1
9245,1
9246,1
9247,1
9248,1
9249,1
9250,1
9251,1
9252,1
9253,1
9254,1
9255,1
9256,1
9257,1
9258,1
9259,1
9260,0
9261,1
9262,1
9263,1
9264,1
9265,1
9266,1
9267,1
9268,1
9269,1
9270,1
9271,0
9272,1
9273,1
9274,1
9275,1
9276,1
9277,0
9278,1
9279,1
9280,0
9281,1
9282,1
9283,1
9284,1
9285,1
9286,1
9287,1
9288,1
9289,1
9290,1
9291,0
9292,0
9293,1
9294,1
9295,1
9296,0
9297,1
9298,1
9299,1
9300,1
9301,0
9302,0
9303,1
9304,1
9305,1
9306,1
9307,0
9308,0
9309,1
9310,1
9311,1
9312,1
9313,1
9314,0
9315,0
9316,0
9317,0
9318,1
9319,1
9320,0
9321,0
9322,0
9323,1
9324,1
9325,1
9326,0
9327,1
9328,0
9329,1
9330,1
9331,0
9332,1
9333,1
9334,0
9335,1
9336,1
9337,1
9338,1
9339,1
9340,1
9341,1
9342,0
9343,0
9344,1
9345,1
9346,0
9347,1
9348,1
9349,1
9350,1
9351,1
9352,0
9353,0
9354,0
9355,0
9356,1
9357,1
9358,1
9359,1
9360,1
9361,1
9362,0
9363,0
9364,1
9365,1
9366,0
9367,1
9368,1
9369,1
9370,1
9371,1
9372,1
9373,1
9374,0
9375,1
9376,1
9377,0
9378,1
9379,1
9380,1
9381,0
9382,1
9383,1
9384,1
9385,1
9386,1
9387,0
9388,1
9389,1
9390,1
9391,1
9392,1
9393,1
9394,1
9395,1
9396,1
9397,1
9398,1
9399,1
9400,1
9401,1
9402,1
9403,1
9404,1
9405,1
9406,1
9407,0
9408,0
9409,0
9410,0
9411,1
9412,1
9413,1
9414,1
9415,1
9416,1
9417,1
9418,1
9419,1
9420,1
9421,1
9422,1
9423,1
9424,1
9425,1
9426,1
9427,1
9428,1
9429,1
9430,1
9431,0
9432,0
9433,0
9434,1
9435,1
9436,0
9437,0
9438,1
9439,0
9440,1
9441,1
9442,1
9443,1
9444,0
9445,0
9446,1
9447,1
9448,0
9449,1
9450,0
9451,1
9452,1
9453,1
9454,1
9455,0
9456,0
9457,0
9458,1
9459,1
9460,1
9461,1
9462,1
9463,1
9464,1
9465,1
9466,1
9467,1
9468,1
9469,0
9470,1
9471,0
9472,0
9473,0
9474,0
9475,1
9476,1
9477,0
9478,1
9479,0
9480,0
9481,1
9482,0
9483,1
9484,1
9485,0
9486,1
9487,1
9488,0
9489,0
9490,1
9491,1
9492,1
9493,1
9494,1
9495,0
9496,0
9497,0
9498,0
9499,1
9500,1
9501,1
9502,1
9503,1
9504,0
9505,1
9506,1
9507,1
9508,1
9509,1
9510,1
9511,1
9512,1
9513,0
9514,1
9515,1
9516,1
9517,1
9518,1
9519,1
9520,1
9521,1
9522,1
9523,1
9524,1
9525,1
9526,0
9527,1
9528,1
9529,1
9530,1
9531,1
9532,1
9533,1
9534,0
9535,1
9536,1
9537,1
9538,1
9539,1
9540,1
9541,0
9542,1
9543,1
9544,1
9545,0
9546,1
9547,1
9548,1
9549,1
9550,1
9551,1
9552,1
9553,0
9554,1
9555,1
9556,1
9557,1
9558,0
9559,1
9560,1
9561,1
9562,0
9563,1
9564,1
9565,0
9566,1
9567,1
9568,1
9569,1
9570,1
9571,1
9572,1
9573,1
9574,1
9575,1
9576,1
9577,1
9578,1
9579,1
9580,1
9581,1
9582,0
9583,1
9584,1
9585,0
9586,1
9587,1
9588,0
9589,1
9590,0
9591,1
9592,1
9593,0
9594,1
9595,0
9596,1
9597,1
9598,1
9599,1
9600,1
9601,0
9602,0
9603,1
9604,1
9605,0
9606,1
9607,1
9608,1
9609,1
9610,1
9611,0
9612,1
9613,0
9614,1
9615,1
9616,1
9617,0
9618,0
9619,1
9620,1
9621,0
9622,1
9623,1
9624,1
9625,1
9626,1
9627,1
9628,1
9629,1
9630,1
9631,1
9632,1
9633,1
9634,0
9635,1
9636,1
9637,1
9638,1
9639,1
9640,1
9641,1
9642,1
9643,1
9644,1
9645,1
9646,1
9647,1
9648,0
9649,1
9650,1
9651,1
9652,1
9653,1
9654,1
9655,1
9656,1
9657,1
9658,1
9659,0
9660,1
9661,1
9662,1
9663,1
9664,1
9665,1
9666,1
9667,0
9668,1
9669,1
9670,1
9671,1
9672,1
9673,1
9674,1
9675,1
9676,1
9677,1
9678,0
9679,0
9680,1
9681,0
9682,1
9683,1
9684,1
9685,1
9686,0
9687,0
9688,1
9689,1
9690,1
9691,1
9692,0
9693,1
9694,1
9695,0
9696,1
9697,1
9698,1
9699,1
9700,0
9701,1
9702,1
9703,0
9704,0
9705,1
9706,0
9707,0
9708,1
9709,1
9710,0
9711,0
9712,1
9713,1
9714,1
9715,0
9716,1
9717,1
9718,1
9719,0
9720,1
9721,1
9722,0
9723,1
9724,1
9725,0
9726,1
9727,0
9728,1
9729,0
9730,0
9731,0
9732,0
9733,1
9734,1
9735,0
9736,0
9737,0
9738,0
9739,0
9740,1
9741,1
9742,1
9743,1
9744,0
9745,1
9746,1
9747,1
9748,1
9749,0
9750,1
9751,0
9752,1
9753,1
9754,0
9755,1
9756,1
9757,1
9758,1
9759,0
9760,1
9761,1
9762,1
9763,1
9764,1
9765,1
9766,1
9767,1
9768,1
9769,1
9770,0
9771,1
9772,1
9773,1
9774,0
9775,1
9776,0
9777,1
9778,1
9779,1
9780,1
9781,1
9782,1
9783,1
9784,1
9785,1
9786,1
9787,1
9788,0
9789,0
9790,0
9791,1
9792,1
9793,0
9794,1
9795,0
9796,1
9797,1
9798,0
9799,0
9800,0
9801,1
9802,0
9803,1
9804,0
9805,1
9806,1
9807,0
9808,1
9809,1
9810,1
9811,0
9812,1
9813,1
9814,0
9815,1
9816,1
9817,1
9818,1
9819,1
9820,1
9821,1
9822,1
9823,1
9824,1
9825,1
9826,1
9827,0
9828,1
9829,1
9830,1
9831,1
9832,1
9833,1
9834,1
9835,1
9836,1
9837,1
9838,0
9839,1
9840,1
9841,0
9842,1
9843,1
9844,1
9845,0
9846,1
9847,1
9848,1
9849,1
9850,1
9851,1
9852,0
9853,1
9854,0
9855,1
9856,1
9857,0
9858,0
9859,0
9860,0
9861,0
9862,0
9863,1
9864,0
9865,0
9866,1
9867,0
9868,0
9869,0
9870,0
9871,0
9872,0
9873,1
9874,0
9875,1
9876,1
9877,0
9878,0
9879,0
9880,0
9881,0
9882,0
9883,0
9884,0
9885,1
9886,1
9887,0
9888,0
9889,0
9890,0
9891,1
9892,0
9893,0
9894,0
9895,0
9896,0
9897,0
9898,1
9899,0
9900,0
9901,0
9902,1
9903,0
9904,1
9905,1
9906,1
9907,1
9908,0
9909,0
9910,0
9911,1
9912,1
9913,1
9914,0
9915,0
9916,0
9917,0
9918,0
9919,0
9920,0
9921,0
9922,0
9923,1
9924,1
9925,0
9926,0
9927,0
9928,0
9929,0
9930,0
9931,0
9932,0
9933,1
9934,0
9935,1
9936,0
9937,0
9938,0
9939,0
9940,0
9941,1
9942,0
9943,0
9944,0
9945,1
9946,1
9947,0
9948,0
9949,1
9950,0
9951,0
9952,1
9953,0
9954,1
9955,0
9956,1
9957,1
9958,0
9959,1
9960,0
9961,0
9962,0
9963,0
9964,0
9965,0
9966,1
9967,1
9968,0
9969,0
9970,0
9971,0
9972,1
9973,1
9974,1
9975,0
9976,0
9977,0
9978,0
9979,1
9980,0
9981,0
9982,0
9983,1
9984,0
9985,1
9986,0
9987,0
9988,1
9989,1
9990,1
9991,0
9992,0
9993,0
9994,0
9995,0
9996,0
9997,0
9998,0
9999,1
10000,0
10001,0
10002,1
10003,0
10004,0
10005,1
10006,0
10007,0
10008,1
10009,0
10010,1
10011,0
10012,0
10013,1
10014,0
10015,0
10016,0
10017,0
10018,1
10019,1
10020,0
10021,1
10022,0
10023,1
10024,0
10025,0
10026,1
10027,1
10028,0
10029,0
10030,0
10031,1
10032,1
10033,1
10034,0
10035,0
10036,0
10037,0
10038,0
10039,0
10040,0
10041,0
10042,1
10043,0
10044,1
10045,0
10046,1
10047,1
10048,1
10049,0
10050,0
10051,0
10052,1
10053,1
10054,0
10055,0
10056,0
10057,1
10058,1
10059,0
10060,0
10061,0
10062,0
10063,0
10064,0
10065,0
10066,0
10067,0
10068,1
10069,0
10070,0
10071,0
10072,0
10073,0
10074,0
10075,0
10076,0
10077,0
10078,1
10079,1
10080,0
10081,1
10082,0
10083,1
10084,1
10085,0
10086,0
10087,0
10088,0
10089,1
10090,1
10091,0
10092,0
10093,1
10094,0
10095,0
10096,0
10097,0
10098,1
10099,0
10100,0
10101,1
10102,0
10103,0
10104,1
10105,0
10106,0
10107,0
10108,0
10109,0
10110,0
10111,0
10112,0
10113,1
10114,0
10115,0
10116,0
10117,0
10118,0
10119,0
10120,0
10121,0
10122,0
10123,0
10124,1
10125,0
10126,1
10127,0
10128,0
10129,0
10130,0
10131,0
10132,0
10133,1
10134,0
10135,1
10136,1
10137,0
10138,0
10139,1
10140,0
10141,0
10142,0
10143,0
10144,0
10145,0
10146,1
10147,0
10148,0
10149,0
10150,1
10151,0
10152,0
10153,0
10154,0
10155,0
10156,0
10157,1
10158,0
10159,1
10160,0
10161,0
10162,0
10163,0
10164,0
10165,0
10166,0
10167,0
10168,1
10169,0
10170,0
10171,0
10172,1
10173,0
10174,0
10175,1
10176,0
10177,1
10178,0
10179,0
10180,0
10181,0
10182,0
10183,1
10184,1
10185,1
10186,1
10187,1
10188,1
10189,1
10190,1
10191,0
10192,1
10193,1
10194,1
10195,1
10196,1
10197,1
10198,1
10199,1
10200,0
10201,1
10202,1
10203,1
10204,1
10205,1
10206,1
10207,1
10208,1
10209,1
10210,1
10211,1
10212,0
10213,1
10214,1
10215,1
10216,0
10217,1
10218,1
10219,1
10220,0
10221,0
10222,1
10223,0
10224,1
10225,1
10226,1
10227,0
10228,1
10229,1
10230,1
10231,1
10232,1
10233,0
10234,1
10235,1
10236,1
10237,1
10238,1
10239,0
10240,1
10241,1
10242,1
10243,1
10244,1
10245,1
10246,1
10247,1
10248,0
10249,1
10250,0
10251,1
10252,1
10253,1
10254,1
10255,1
10256,1
10257,1
10258,1
10259,1
10260,1
10261,1
10262,1
10263,0
10264,1
10265,1
10266,1
10267,0
10268,1
10269,1
10270,1
10271,1
10272,1
10273,0
10274,1
10275,1
10276,1
10277,0
10278,1
10279,0
10280,1
10281,1
10282,1
10283,1
10284,1
10285,1
10286,1
10287,1
10288,1
10289,1
10290,1
10291,1
10292,1
10293,1
10294,1
10295,1
10296,1
10297,1
10298,1
10299,1
10300,1
10301,1
10302,1
10303,0
10304,1
10305,1
10306,1
10307,1
10308,1
10309,1
10310,1
10311,0
10312,1
10313,1
10314,1
10315,1
10316,1
10317,0
10318,0
10319,0
10320,1
10321,1
10322,0
10323,0
10324,0
10325,1
10326,0
10327,1
10328,0
10329,0
10330,1
10331,0
10332,0
10333,1
10334,1
10335,1
10336,0
10337,1
10338,1
10339,0
10340,0
10341,0
10342,1
10343,1
10344,1
10345,1
10346,1
10347,0
10348,1
10349,1
10350,1
10351,1
10352,1
10353,1
10354,1
10355,1
10356,1
10357,1
10358,1
10359,1
10360,1
10361,0
10362,0
10363,1
10364,1
10365,0
10366,0
10367,0
10368,0
10369,1
10370,1
10371,1
10372,1
10373,1
10374,1
10375,1
10376,1
10377,1
10378,1
10379,1
10380,0
10381,1
10382,1
10383,1
10384,1
10385,1
10386,1
10387,1
10388,1
10389,0
10390,1
10391,1
10392,0
10393,1
10394,1
10395,1
10396,1
10397,1
10398,1
10399,1
10400,1
10401,1
10402,0
10403,0
10404,1
10405,0
10406,1
10407,1
10408,1
10409,1
10410,1
10411,1
10412,1
10413,1
10414,1
10415,1
10416,1
10417,0
10418,0
10419,1
10420,1
10421,1
10422,1
10423,1
10424,1
10425,0
10426,1
10427,0
10428,1
10429,1
10430,0
10431,1
10432,0
10433,1
10434,1
10435,1
10436,0
10437,1
10438,1
10439,0
10440,1
10441,1
10442,1
10443,1
10444,1
10445,1
10446,0
10447,1
10448,1
10449,1
10450,0
10451,1
10452,0
10453,0
10454,0
10455,1
10456,1
10457,1
10458,1
10459,1
10460,0
10461,1
10462,1
10463,1
10464,0
10465,1
10466,0
10467,0
10468,1
10469,1
10470,0
10471,1
10472,1
10473,1
10474,1
10475,1
10476,0
10477,1
10478,1
10479,1
10480,1
10481,0
10482,0
10483,1
10484,1
10485,1
10486,1
10487,0
10488,1
10489,1
10490,1
10491,1
10492,1
10493,1
10494,1
10495,1
10496,0
10497,1
10498,1
10499,1
10500,1
10501,1
10502,1
10503,1
10504,1
10505,1
10506,1
10507,1
10508,1
10509,0
10510,1
10511,1
10512,1
10513,0
10514,1
10515,1
10516,1
10517,0
10518,0
10519,0
10520,1
10521,1
10522,1
10523,1
10524,0
10525,0
10526,1
10527,0
10528,1
10529,1
10530,1
10531,1
10532,1
10533,1
10534,1
10535,0
10536,1
10537,1
10538,0
10539,1
10540,1
10541,1
10542,1
10543,1
10544,1
10545,0
10546,1
10547,1
10548,1
10549,0
10550,1
10551,1
10552,0
10553,1
10554,1
10555,0
10556,0
10557,0
10558,1
10559,1
10560,1
10561,1
10562,1
10563,1
10564,1
10565,1
10566,1
10567,1
10568,0
10569,0
10570,1
10571,1
10572,0
10573,1
10574,1
10575,1
10576,1
10577,0
10578,0
10579,0
10580,1
10581,1
10582,0
10583,0
10584,0
10585,0
10586,0
10587,0
10588,0
10589,0
10590,0
10591,0
10592,1
10593,0
10594,0
10595,0
10596,0
10597,0
10598,1
10599,0
10600,0
10601,1
10602,0
10603,0
10604,1
10605,0
10606,0
10607,0
10608,0
10609,0
10610,0
10611,1
10612,0
10613,0
10614,0
10615,0
10616,0
10617,0
10618,0
10619,0
10620,0
10621,1
10622,0
10623,0
10624,0
10625,0
10626,0
10627,0
10628,1
10629,0
10630,0
10631,1
10632,0
10633,1
10634,0
10635,1
10636,0
10637,0
10638,0
10639,0
10640,1
10641,0
10642,1
10643,0
10644,0
10645,1
10646,1
10647,0
10648,1
10649,1
10650,0
10651,0
10652,0
10653,0
10654,0
10655,0
10656,1
10657,0
10658,0
10659,0
10660,0
10661,0
10662,0
10663,0
10664,0
10665,0
10666,0
10667,0
10668,1
10669,0
10670,0
10671,0
10672,0
10673,0
10674,0
10675,1
10676,1
10677,0
10678,1
10679,1
10680,1
10681,0
10682,0
10683,0
10684,0
10685,0
10686,0
10687,0
10688,0
10689,0
10690,0
10691,0
10692,0
10693,0
10694,0
10695,0
10696,0
10697,0
10698,0
10699,0
10700,1
10701,0
10702,0
10703,0
10704,0
10705,0
10706,0
10707,0
10708,0
10709,0
10710,0
10711,0
10712,1
10713,0
10714,1
10715,0
10716,0
10717,0
10718,0
10719,1
10720,1
10721,1
10722,1
10723,0
10724,0
10725,0
10726,1
10727,1
10728,1
10729,0
10730,0
10731,0
10732,0
10733,0
10734,1
10735,0
10736,0
10737,0
10738,0
10739,0
10740,0
10741,0
10742,0
10743,0
10744,0
10745,0
10746,0
10747,0
10748,0
10749,1
10750,0
10751,0
10752,1
10753,0
10754,0
10755,1
10756,1
10757,0
10758,0
10759,0
10760,0
10761,1
10762,0
10763,1
10764,0
10765,0
10766,0
10767,1
10768,0
10769,0
10770,0
10771,0
10772,0
10773,0
10774,0
10775,0
10776,0
10777,0
10778,0
10779,1
10780,0
10781,0
10782,0
10783,0
10784,0
10785,0
10786,0
10787,0
10788,0
10789,0
10790,1
10791,0
10792,0
10793,0
10794,1
10795,0
10796,0
10797,1
10798,0
10799,0
10800,0
10801,1
10802,1
10803,0
10804,0
10805,0
10806,0
10807,0
10808,0
10809,0
10810,1
10811,1
10812,1
10813,1
10814,0
10815,1
10816,0
10817,0
10818,1
10819,0
10820,0
10821,0
10822,0
10823,1
10824,0
10825,0
10826,0
10827,0
10828,1
10829,0
10830,0
10831,0
10832,0
10833,0
10834,1
10835,0
10836,0
10837,0
10838,0
10839,1
10840,0
10841,0
10842,0
10843,0
10844,0
10845,1
10846,0
10847,0
10848,1
10849,0
10850,0
10851,0
10852,0
10853,0
10854,0
10855,0
10856,1
10857,0
10858,0
10859,0
10860,0
10861,0
10862,1
10863,0
10864,0
10865,0
10866,0
10867,1
10868,0
10869,1
10870,0
10871,0
10872,0
10873,0
10874,0
10875,0
10876,0
10877,0
10878,1
10879,1
10880,1
10881,0
10882,1
10883,0
10884,0
10885,0
10886,0
10887,0
10888,0
10889,1
10890,1
10891,0
10892,0
10893,0
10894,0
10895,0
10896,0
10897,0
10898,0
10899,0
10900,1
10901,1
10902,0
10903,1
10904,1
10905,0
10906,0
10907,1
10908,0
10909,0
10910,0
10911,1
10912,1
10913,0
10914,0
10915,1
10916,0
10917,0
10918,1
10919,0
10920,0
10921,0
10922,0
10923,1
10924,0
10925,1
10926,0
10927,1
10928,0
10929,0
10930,0
10931,1
10932,1
10933,0
10934,1
10935,1
10936,1
10937,0
10938,0
10939,0
10940,0
10941,0
10942,0
10943,0
10944,1
10945,1
10946,1
10947,0
10948,0
10949,0
10950,1
10951,0
10952,0
10953,0
10954,0
10955,0
10956,0
10957,0
10958,1
10959,0
10960,0
10961,1
10962,0
10963,1
10964,0
10965,1
10966,1
10967,1
10968,0
10969,1
10970,0
10971,0
10972,1
10973,1
10974,0
10975,1
10976,0
10977,1
10978,1
10979,1
10980,1
10981,0
10982,0
10983,0
10984,0
10985,0
10986,0
10987,0
10988,0
10989,1
10990,1
10991,1
10992,0
10993,0
10994,0
10995,0
10996,1
10997,0
10998,0
10999,1
